"REGN,N,4,0","PLAN,C,1","NUM_SC,C,5","ITOGO,N,33,4","A_P,C,1","DT,D"
3298,А,20209,0.0000,1,04/01/14
3298,А,30102,52409.0000,1,04/01/14
3298,А,30232,0.0000,2,04/01/14
3298,А,40702,72450.0000,2,04/01/14
3298,А,40703,352.0000,2,04/01/14
3298,А,45207,466664.0000,1,04/01/14
3298,А,45505,2430.0000,1,04/01/14
3298,А,45515,23439.0000,2,04/01/14
3298,А,47423,6.0000,1,04/01/14
3298,А,61011,9092.0000,1,04/01/14
3298,А,70603,7301.0000,2,04/01/14
3298,В,99998,576174.0000,1,04/01/14
3166,А,10801,2752277.0000,2,04/01/14
3166,А,30109,4977188.0000,2,04/01/14
3166,А,30223,0.0000,2,04/01/14
3166,А,30602,0.0000,1,04/01/14
3166,А,31903,0.0000,1,04/01/14
3166,А,32303,0.0000,1,04/01/14
3166,А,40701,5376.0000,2,04/01/14
3166,А,47403,0.0000,2,04/01/14
3166,А,60305,0.0000,2,04/01/14
3166,А,60901,2175.0000,1,04/01/14
3166,В,91508,1051.0000,2,04/01/14
1281,А,40502,294.0000,2,04/01/14
1281,А,40703,18900.0000,2,04/01/14
1281,А,40913,0.0000,2,04/01/14
1281,А,42107,105000.0000,2,04/01/14
1281,А,42205,1995.0000,2,04/01/14
1281,А,45408,99665.0000,1,04/01/14
1281,А,45505,3346.0000,1,04/01/14
1281,А,45818,10577.0000,2,04/01/14
1281,А,45912,81.0000,1,04/01/14
1281,А,60305,0.0000,2,04/01/14
1281,А,60309,15.0000,2,04/01/14
1281,А,60404,21820.0000,1,04/01/14
1281,В,91315,2223.0000,2,04/01/14
1281,В,99998,1766719.0000,1,04/01/14
2309,А,10605,287.0000,1,04/01/14
2309,А,30305,6237668.0000,2,04/01/14
2309,А,31307,7473.0000,2,04/01/14
2309,А,31903,0.0000,1,04/01/14
2309,А,32205,28167.0000,1,04/01/14
2309,А,42102,685687.0000,2,04/01/14
2309,А,45208,0.0000,1,04/01/14
2309,А,45507,10807.0000,1,04/01/14
2309,А,47411,2518.0000,2,04/01/14
2309,А,47418,0.0000,2,04/01/14
2309,А,47425,13824.0000,2,04/01/14
2309,А,60313,0.0000,2,04/01/14
2309,А,70601,1026518.0000,2,04/01/14
2309,А,70701,1296711.0000,2,04/01/14
2309,В,90701,1.0000,1,04/01/14
2309,В,91003,0.0000,2,04/01/14
2309,В,91316,0.0000,2,04/01/14
2309,В,91317,637666.0000,2,04/01/14
2309,Г,96902,292548.0000,2,04/01/14
2726,А,47407,0.0000,2,04/01/14
2726,А,47416,29.0000,2,04/01/14
2726,А,60312,7654.0000,1,04/01/14
2726,А,60313,0.0000,2,04/01/14
2726,А,60323,45.0000,1,04/01/14
2726,А,70606,397181.0000,1,04/01/14
103,А,10701,130000.0000,2,04/01/14
103,А,20209,12318.0000,1,04/01/14
103,А,30232,0.0000,2,04/01/14
103,А,32002,200000.0000,1,04/01/14
103,А,32004,0.0000,1,04/01/14
103,А,32401,1254.0000,1,04/01/14
103,А,40702,3480005.0000,2,04/01/14
103,А,40802,26117.0000,2,04/01/14
103,А,40817,35948.0000,2,04/01/14
103,А,40821,38693.0000,2,04/01/14
103,А,40911,0.0000,2,04/01/14
103,А,45205,140000.0000,1,04/01/14
103,А,45507,861136.0000,1,04/01/14
103,А,45815,598447.0000,1,04/01/14
103,А,60307,0.0000,2,04/01/14
103,А,60322,0.0000,2,04/01/14
103,В,91207,1.0000,1,04/01/14
103,Г,99997,0.0000,2,04/01/14
1326,А,20309,170437.0000,2,04/01/14
1326,А,30122,4.0000,2,04/01/14
1326,А,30220,543057.0000,2,04/01/14
1326,А,30221,0.0000,1,04/01/14
1326,А,30236,624112.0000,2,04/01/14
1326,А,30413,2701145.0000,1,04/01/14
1326,А,30424,1111741.0000,1,04/01/14
1326,А,31305,19424840.0000,2,04/01/14
1326,А,31402,0.0000,2,04/01/14
1326,А,32006,9960000.0000,1,04/01/14
1326,А,32105,578436.0000,1,04/01/14
1326,А,32106,71374.0000,1,04/01/14
1326,А,32109,6216870.0000,1,04/01/14
1326,А,32204,780609.0000,1,04/01/14
1326,А,32308,1445412.0000,1,04/01/14
1326,А,40503,242573.0000,2,04/01/14
1326,А,40701,13106129.0000,2,04/01/14
1326,А,40818,2.0000,2,04/01/14
1326,А,40903,141946.0000,2,04/01/14
1326,А,41402,2500000.0000,2,04/01/14
1326,А,41403,300000.0000,2,04/01/14
1326,А,42002,3342937.0000,2,04/01/14
1326,А,42007,2759947.0000,2,04/01/14
1326,А,42102,13672804.0000,2,04/01/14
1326,А,42104,1467834.0000,2,04/01/14
1326,А,42106,7992910.0000,2,04/01/14
1326,А,42304,6255741.0000,2,04/01/14
1326,А,42305,90452573.0000,2,04/01/14
1326,А,42315,10740.0000,2,04/01/14
1326,А,43701,4637587.0000,2,04/01/14
1326,А,43703,0.0000,2,04/01/14
1326,А,44003,0.0000,2,04/01/14
1326,А,45106,10287128.0000,1,04/01/14
1326,А,45201,4755936.0000,1,04/01/14
1326,А,45502,17728.0000,1,04/01/14
1326,А,45504,637058.0000,1,04/01/14
1326,А,45509,16020115.0000,1,04/01/14
1326,А,45615,16322226.0000,2,04/01/14
1326,А,45707,3710.0000,1,04/01/14
1326,А,45715,250.0000,2,04/01/14
1326,А,45906,0.0000,1,04/01/14
1326,А,47801,1243.0000,1,04/01/14
1326,А,50105,0.0000,1,04/01/14
1326,А,50707,124255.0000,1,04/01/14
1326,А,50905,0.0000,1,04/01/14
1326,А,51405,2880172.0000,1,04/01/14
1326,А,52303,1175621.0000,2,04/01/14
1326,А,52305,20014521.0000,2,04/01/14
1326,А,52602,11024898.0000,2,04/01/14
1326,А,60202,427790.0000,1,04/01/14
1326,А,60306,9900.0000,1,04/01/14
1326,А,60307,459.0000,2,04/01/14
1326,А,61002,3465.0000,1,04/01/14
1326,А,61210,0.0000,1,04/01/14
1326,А,61212,0.0000,1,04/01/14
1326,В,90702,6.0000,1,04/01/14
1326,В,91203,1620.0000,1,04/01/14
1326,В,91316,42784707.0000,2,04/01/14
1326,Г,93301,956876.0000,1,04/01/14
1326,Г,93411,446010.0000,1,04/01/14
1326,Г,93502,472634.0000,1,04/01/14
1326,Г,93704,0.0000,1,04/01/14
1326,Г,96302,2515761.0000,2,04/01/14
1326,Г,96507,1280042.0000,2,04/01/14
1326,Д,98020,8.0000,1,04/01/14
1326,Д,98040,853278611.0000,2,04/01/14
1326,Д,98053,0.0000,2,04/01/14
2786,А,30215,1427.0000,1,04/01/14
2786,А,32005,20000.0000,1,04/01/14
2786,А,32006,677137.0000,1,04/01/14
2786,А,40802,89929.0000,2,04/01/14
2786,А,42203,2900.0000,2,04/01/14
2786,А,42207,500.0000,2,04/01/14
2786,А,45507,2105074.0000,1,04/01/14
2786,А,45912,4281.0000,1,04/01/14
2786,А,60306,0.0000,1,04/01/14
2786,А,61002,222.0000,1,04/01/14
2786,А,61009,2132.0000,1,04/01/14
2786,В,91203,102.0000,1,04/01/14
2786,В,91501,67205.0000,1,04/01/14
2786,В,91502,205.0000,1,04/01/14
2249,А,30110,74894.0000,1,04/01/14
2249,А,30118,0.0000,1,04/01/14
2249,А,31302,0.0000,2,04/01/14
2249,А,32003,360000.0000,1,04/01/14
2249,А,40817,150701.0000,2,04/01/14
2249,А,40911,0.0000,2,04/01/14
2249,А,45415,465.0000,2,04/01/14
2249,А,45812,11500.0000,1,04/01/14
2249,А,45915,1.0000,1,04/01/14
2249,А,60312,440.0000,1,04/01/14
2249,А,70609,331.0000,1,04/01/14
2249,В,91317,11697.0000,2,04/01/14
2249,В,91508,1144.0000,2,04/01/14
1720,А,10601,152596.0000,2,04/01/14
1720,А,10602,2190.0000,2,04/01/14
1720,А,10801,191787.0000,2,04/01/14
1720,А,30102,338121.0000,1,04/01/14
1720,А,30306,353902.0000,1,04/01/14
1720,А,30424,124.0000,1,04/01/14
1720,А,30602,0.0000,1,04/01/14
1720,А,40703,156569.0000,2,04/01/14
1720,А,40814,3.0000,2,04/01/14
1720,А,42104,7000.0000,2,04/01/14
1720,А,42106,5500.0000,2,04/01/14
1720,А,42206,800.0000,2,04/01/14
1720,А,42605,1.0000,2,04/01/14
1720,А,45509,17573.0000,1,04/01/14
1720,А,45818,101032.0000,2,04/01/14
1720,А,45918,1051.0000,2,04/01/14
1720,А,47416,1777.0000,2,04/01/14
1720,А,47422,871.0000,2,04/01/14
1720,А,60302,4597.0000,1,04/01/14
1720,А,60308,80.0000,1,04/01/14
1720,А,60323,496.0000,1,04/01/14
1720,А,60401,656002.0000,1,04/01/14
1720,В,91203,1.0000,1,04/01/14
1720,В,91311,167.0000,2,04/01/14
1720,В,91507,1470.0000,2,04/01/14
1720,В,91508,26.0000,2,04/01/14
1720,Д,98050,3542879.0000,2,04/01/14
101,А,10207,1558500.0000,2,04/01/14
101,А,30110,178278.0000,1,04/01/14
101,А,30226,980.0000,2,04/01/14
101,А,31504,0.0000,2,04/01/14
101,А,40911,22.0000,2,04/01/14
101,А,45505,7978.0000,1,04/01/14
101,А,45815,17468.0000,1,04/01/14
101,А,47008,0.0000,2,04/01/14
101,А,47425,3500.0000,2,04/01/14
101,А,50706,10.0000,1,04/01/14
101,А,60308,30.0000,1,04/01/14
101,А,60309,885.0000,2,04/01/14
101,А,60312,24881.0000,1,04/01/14
101,А,60322,77.0000,2,04/01/14
101,А,60401,254026.0000,1,04/01/14
101,А,61210,0.0000,1,04/01/14
101,А,70607,178142.0000,1,04/01/14
101,А,70613,3400.0000,2,04/01/14
101,В,91203,1.0000,1,04/01/14
101,В,91317,12837.0000,2,04/01/14
101,В,91319,145711.0000,2,04/01/14
101,В,91802,8100.0000,1,04/01/14
101,В,91803,20.0000,1,04/01/14
101,Г,93301,0.0000,1,04/01/14
3298,А,32201,892.0000,1,04/01/14
3298,А,40909,0.0000,2,04/01/14
3298,А,45415,910.0000,2,04/01/14
3298,А,45507,275.0000,1,04/01/14
3298,А,45912,0.0000,1,04/01/14
3298,А,45918,536.0000,2,04/01/14
3298,А,60301,531.0000,2,04/01/14
3298,А,60401,118707.0000,1,04/01/14
3298,А,70611,314.0000,1,04/01/14
3298,А,70706,0.0000,1,04/01/14
3298,А,70711,0.0000,1,04/01/14
3298,В,91704,1084.0000,1,04/01/14
3166,А,60903,622.0000,2,04/01/14
3166,А,61002,15.0000,1,04/01/14
3166,А,61008,68128.0000,1,04/01/14
3166,А,61009,3256.0000,1,04/01/14
3166,А,61304,2419.0000,2,04/01/14
1281,А,10601,48.0000,2,04/01/14
1281,А,10603,0.0000,2,04/01/14
1281,А,10701,8000.0000,2,04/01/14
1281,А,10801,60292.0000,2,04/01/14
1281,А,32003,0.0000,1,04/01/14
1281,А,40701,0.0000,2,04/01/14
1281,А,40802,29735.0000,2,04/01/14
1281,А,42105,4000.0000,2,04/01/14
1281,А,42303,3030.0000,2,04/01/14
1281,А,45306,311.0000,1,04/01/14
1281,А,45406,74721.0000,1,04/01/14
1281,А,60310,0.0000,1,04/01/14
1281,А,70608,302.0000,1,04/01/14
1281,А,70611,1367.0000,1,04/01/14
1281,В,90901,8906.0000,1,04/01/14
1281,В,99999,2081680.0000,2,04/01/14
2309,А,30110,35034.0000,1,04/01/14
2309,А,30114,3765408.0000,1,04/01/14
2309,А,30301,3101528.0000,2,04/01/14
2309,А,32107,11497.0000,1,04/01/14
2309,А,32206,304235.0000,1,04/01/14
2309,А,32302,488913.0000,1,04/01/14
2309,А,40804,16.0000,2,04/01/14
2309,А,42304,35671.0000,2,04/01/14
2309,А,43804,2325.0000,2,04/01/14
2309,А,43805,1500.0000,2,04/01/14
2309,А,45506,227.0000,1,04/01/14
2309,А,45515,229.0000,2,04/01/14
2309,А,47417,1.0000,1,04/01/14
2309,А,47804,4011.0000,2,04/01/14
2309,А,60305,0.0000,2,04/01/14
2309,А,60308,127.0000,1,04/01/14
2309,А,60311,127.0000,2,04/01/14
2309,А,61009,146.0000,1,04/01/14
2309,А,70703,5645678.0000,2,04/01/14
2309,В,91202,439547.0000,1,04/01/14
2309,В,99999,5235088.0000,2,04/01/14
2726,А,30221,0.0000,1,04/01/14
2726,А,47427,759.0000,1,04/01/14
2726,А,60901,4781.0000,1,04/01/14
2726,А,61403,21179.0000,1,04/01/14
103,А,10208,1000000.0000,2,04/01/14
103,А,10801,1834539.0000,2,04/01/14
103,А,30235,0.0000,1,04/01/14
103,А,42311,1.0000,2,04/01/14
103,А,42601,345.0000,2,04/01/14
103,А,42614,2.0000,2,04/01/14
103,А,45207,3862589.0000,1,04/01/14
103,А,47407,0.0000,2,04/01/14
103,А,47411,14055.0000,2,04/01/14
103,А,60301,832.0000,2,04/01/14
103,А,60601,22047.0000,2,04/01/14
103,А,61009,278.0000,1,04/01/14
103,А,61210,0.0000,1,04/01/14
103,А,70605,17.0000,2,04/01/14
103,А,70701,0.0000,2,04/01/14
103,В,91316,22852.0000,2,04/01/14
103,В,91317,2239983.0000,2,04/01/14
103,В,99998,22713876.0000,1,04/01/14
103,Д,98050,117182.0000,2,04/01/14
103,Д,98070,133018.0000,2,04/01/14
1326,А,20208,29216627.0000,1,04/01/14
1326,А,30110,750610.0000,1,04/01/14
1326,А,30204,4472983.0000,1,04/01/14
1326,А,30232,5847417.0000,2,04/01/14
1326,А,30233,3219243.0000,1,04/01/14
1326,А,30306,540338467.0000,1,04/01/14
1326,А,31303,7778987.0000,2,04/01/14
1326,А,31403,100000.0000,2,04/01/14
1326,А,31501,3680667.0000,2,04/01/14
1326,А,31503,1293962.0000,2,04/01/14
1326,А,32005,4050000.0000,1,04/01/14
1326,А,32901,82894468.0000,2,04/01/14
1326,А,40602,24412.0000,2,04/01/14
1326,А,40805,1458.0000,2,04/01/14
1326,А,40901,2791114.0000,2,04/01/14
1326,А,41005,18000000.0000,2,04/01/14
1326,А,41503,135611.0000,2,04/01/14
1326,А,41702,12800.0000,2,04/01/14
1326,А,42107,2122730.0000,2,04/01/14
1326,А,42307,246858.0000,2,04/01/14
1326,А,42504,19200.0000,2,04/01/14
1326,А,42505,4631324.0000,2,04/01/14
1326,А,42601,109783.0000,2,04/01/14
1326,А,44005,0.0000,2,04/01/14
1326,А,45101,0.0000,1,04/01/14
1326,А,45205,50183676.0000,1,04/01/14
1326,А,45911,0.0000,1,04/01/14
1326,А,47001,719663.0000,1,04/01/14
1326,А,47008,177570.0000,2,04/01/14
1326,А,47103,6298014.0000,1,04/01/14
1326,А,47423,5408515.0000,1,04/01/14
1326,А,47425,12687286.0000,2,04/01/14
1326,А,47427,4103907.0000,1,04/01/14
1326,А,47431,919890.0000,1,04/01/14
1326,А,50207,107436.0000,1,04/01/14
1326,А,50208,4355821.0000,1,04/01/14
1326,А,50209,0.0000,1,04/01/14
1326,А,50211,11168700.0000,1,04/01/14
1326,А,50218,37204566.0000,1,04/01/14
1326,А,50408,650.0000,2,04/01/14
1326,А,50605,0.0000,1,04/01/14
1326,А,50606,108482.0000,1,04/01/14
1326,А,50620,59463.0000,2,04/01/14
1326,А,50719,23546.0000,2,04/01/14
1326,А,50720,12419.0000,2,04/01/14
1326,А,52304,472794.0000,2,04/01/14
1326,А,60103,6440765.0000,1,04/01/14
1326,А,60312,3118592.0000,1,04/01/14
1326,А,61008,15074.0000,1,04/01/14
1326,А,61209,0.0000,1,04/01/14
1326,А,61213,0.0000,1,04/01/14
1326,А,61601,0.0000,1,04/01/14
1326,А,70603,175530827.0000,2,04/01/14
1326,В,90701,56.0000,1,04/01/14
1326,В,91202,16386.0000,1,04/01/14
1326,В,91501,516505.0000,1,04/01/14
1326,В,91508,1221.0000,2,04/01/14
1326,В,91803,551444.0000,1,04/01/14
1326,В,99999,4412492599.0000,2,04/01/14
1326,Г,93302,4560647.0000,1,04/01/14
1326,Г,93710,977544.0000,1,04/01/14
1326,Г,96311,4135928.0000,2,04/01/14
1326,Г,96701,0.0000,2,04/01/14
1326,Г,96703,0.0000,2,04/01/14
1326,Г,96704,66984.0000,2,04/01/14
1326,Г,99996,617544501.0000,1,04/01/14
1326,Г,99997,616075803.0000,2,04/01/14
1326,Д,98050,2703950366.0000,2,04/01/14
2786,А,20202,248845.0000,1,04/01/14
2786,А,30232,8085.0000,2,04/01/14
2786,А,32002,0.0000,1,04/01/14
2786,А,40701,16497.0000,2,04/01/14
2786,А,40703,237492.0000,2,04/01/14
2786,А,40807,96.0000,2,04/01/14
2786,А,40817,1183288.0000,2,04/01/14
2786,А,40820,967.0000,2,04/01/14
2786,А,40905,0.0000,2,04/01/14
2786,А,40911,2604.0000,2,04/01/14
2786,А,42106,31160.0000,2,04/01/14
2786,А,42205,11179.0000,2,04/01/14
2786,А,42301,24406.0000,2,04/01/14
2786,А,42606,300.0000,2,04/01/14
2786,А,45108,24268.0000,1,04/01/14
2786,А,45406,620.0000,1,04/01/14
2786,А,45407,16805.0000,1,04/01/14
2786,А,45812,155159.0000,1,04/01/14
2786,А,45918,22517.0000,2,04/01/14
2786,А,47407,0.0000,2,04/01/14
2786,А,47416,9105.0000,2,04/01/14
2786,А,52503,1404.0000,1,04/01/14
2786,А,60308,0.0000,1,04/01/14
2786,А,60312,5341.0000,1,04/01/14
2786,А,70603,70605.0000,2,04/01/14
2786,В,91312,1983028.0000,2,04/01/14
2786,В,91319,5822.0000,2,04/01/14
2786,В,91414,7793041.0000,1,04/01/14
2786,В,91508,2272.0000,2,04/01/14
2786,Г,93901,14716.0000,1,04/01/14
2786,Д,98010,6075.0000,1,04/01/14
2249,А,10701,10000.0000,2,04/01/14
2249,А,20209,0.0000,1,04/01/14
2249,А,20303,0.0000,1,04/01/14
2249,А,20305,0.0000,1,04/01/14
2249,А,30305,83092.0000,2,04/01/14
2249,А,40702,657631.0000,2,04/01/14
2249,А,45815,5663.0000,1,04/01/14
2249,А,45918,1.0000,2,04/01/14
2249,А,47407,0.0000,2,04/01/14
2249,А,47411,5225.0000,2,04/01/14
2249,А,47415,30.0000,1,04/01/14
2249,А,47422,7.0000,2,04/01/14
2249,А,47425,685.0000,2,04/01/14
2249,А,47427,0.0000,1,04/01/14
2249,А,60301,335.0000,2,04/01/14
2249,А,60306,0.0000,1,04/01/14
2249,А,60401,18719.0000,1,04/01/14
2249,А,70606,88425.0000,1,04/01/14
2249,В,90901,164658.0000,1,04/01/14
2249,Г,99996,70941.0000,1,04/01/14
1720,А,10603,40.0000,2,04/01/14
1720,А,30114,63124.0000,1,04/01/14
1720,А,30302,615237.0000,1,04/01/14
1720,А,40116,0.0000,2,04/01/14
1720,А,40503,24697.0000,2,04/01/14
1720,А,40602,43721.0000,2,04/01/14
1720,А,42601,703.0000,2,04/01/14
1720,А,45201,32024.0000,1,04/01/14
1720,А,45207,1157140.0000,1,04/01/14
1720,А,47405,0.0000,2,04/01/14
1720,А,60307,0.0000,2,04/01/14
1720,А,60309,428.0000,2,04/01/14
1720,А,60314,0.0000,1,04/01/14
1720,А,61002,55.0000,1,04/01/14
1720,А,61011,39560.0000,1,04/01/14
1720,А,70603,48374.0000,2,04/01/14
1720,В,90701,2.0000,1,04/01/14
1720,В,90909,407.0000,1,04/01/14
1720,В,91604,15207.0000,1,04/01/14
101,А,10701,36946.0000,2,04/01/14
101,А,30222,0.0000,2,04/01/14
101,А,30232,506.0000,2,04/01/14
101,А,30301,1778832.0000,2,04/01/14
101,А,30302,1778832.0000,1,04/01/14
101,А,30305,0.0000,2,04/01/14
101,А,32007,430000.0000,1,04/01/14
101,А,32901,4944364.0000,2,04/01/14
101,А,42107,90.0000,2,04/01/14
101,А,42310,7.0000,2,04/01/14
101,А,42314,42.0000,2,04/01/14
101,А,42605,356.0000,2,04/01/14
101,А,47102,29998.0000,1,04/01/14
101,А,50208,464492.0000,1,04/01/14
101,А,50211,973394.0000,1,04/01/14
101,А,50220,169424.0000,2,04/01/14
101,А,50719,10.0000,2,04/01/14
101,А,52601,0.0000,1,04/01/14
101,А,60314,4220.0000,1,04/01/14
101,А,61008,3898.0000,1,04/01/14
101,А,70611,12487.0000,1,04/01/14
101,А,70614,21310.0000,1,04/01/14
101,В,90902,79192.0000,1,04/01/14
101,В,91414,1376993.0000,1,04/01/14
101,В,91501,23498.0000,1,04/01/14
101,Г,93302,25777.0000,1,04/01/14
101,Г,96503,0.0000,2,04/01/14
101,Г,96902,10157310.0000,2,04/01/14
3298,А,10801,172.0000,2,04/01/14
3298,А,20202,46886.0000,1,04/01/14
3298,А,30233,0.0000,1,04/01/14
3298,А,40602,5132.0000,2,04/01/14
3298,А,40603,57.0000,2,04/01/14
3298,А,40905,5.0000,2,04/01/14
3298,А,45815,8035.0000,1,04/01/14
3298,А,45915,2055.0000,1,04/01/14
3298,А,61008,114.0000,1,04/01/14
3298,А,70606,30010.0000,1,04/01/14
3298,А,70801,20483.0000,2,04/01/14
3166,А,40903,1131990.0000,2,04/01/14
3166,А,47422,75651.0000,2,04/01/14
3166,А,60302,146394.0000,1,04/01/14
3166,А,60313,66224.0000,2,04/01/14
3166,А,60322,19.0000,2,04/01/14
3166,А,60701,3496.0000,1,04/01/14
3166,В,91803,133.0000,1,04/01/14
1281,А,31205,85000.0000,2,04/01/14
1281,А,40906,0.0000,2,04/01/14
1281,А,45205,1300.0000,1,04/01/14
1281,А,45215,2130.0000,2,04/01/14
1281,А,47416,235.0000,2,04/01/14
1281,А,50205,224588.0000,1,04/01/14
1281,А,50207,203238.0000,1,04/01/14
1281,А,60301,507.0000,2,04/01/14
1281,А,61403,409.0000,1,04/01/14
1281,В,91317,350187.0000,2,04/01/14
1281,В,91802,23352.0000,1,04/01/14
2309,А,10602,135409.0000,2,04/01/14
2309,А,10603,0.0000,2,04/01/14
2309,А,10801,564781.0000,2,04/01/14
2309,А,30202,55009.0000,1,04/01/14
2309,А,31303,0.0000,2,04/01/14
2309,А,32207,82161.0000,1,04/01/14
2309,А,32301,2511015.0000,1,04/01/14
2309,А,32307,33522.0000,1,04/01/14
2309,А,42103,262456.0000,2,04/01/14
2309,А,42105,0.0000,2,04/01/14
2309,А,42303,50043.0000,2,04/01/14
2309,А,42305,59129.0000,2,04/01/14
2309,А,45207,1083742.0000,1,04/01/14
2309,А,47108,2.0000,2,04/01/14
2309,А,47404,271619.0000,1,04/01/14
2309,А,47802,423949.0000,1,04/01/14
2309,А,60901,213.0000,1,04/01/14
2309,В,90902,137149.0000,1,04/01/14
2309,В,91203,2326.0000,1,04/01/14
2309,В,91501,21453.0000,1,04/01/14
2309,Г,93901,2089297.0000,1,04/01/14
2309,Г,93902,292809.0000,1,04/01/14
2309,Г,96901,2089425.0000,2,04/01/14
2726,А,30110,142054.0000,1,04/01/14
2726,А,47408,0.0000,1,04/01/14
2726,А,60324,48.0000,2,04/01/14
2726,А,60903,4615.0000,2,04/01/14
2726,А,70605,1.0000,2,04/01/14
2726,А,70611,14214.0000,1,04/01/14
2726,А,70703,0.0000,2,04/01/14
2726,А,70708,0.0000,1,04/01/14
2726,А,70711,0.0000,1,04/01/14
2726,В,91501,107.0000,1,04/01/14
2726,В,91803,11439.0000,1,04/01/14
103,А,30204,34874.0000,1,04/01/14
103,А,30220,0.0000,2,04/01/14
103,А,40701,132254.0000,2,04/01/14
103,А,40805,156.0000,2,04/01/14
103,А,42306,1487117.0000,2,04/01/14
103,А,42307,357.0000,2,04/01/14
103,А,42606,31632.0000,2,04/01/14
103,А,45204,740000.0000,1,04/01/14
103,А,45515,122894.0000,2,04/01/14
103,А,45818,2038.0000,2,04/01/14
103,А,45912,2885.0000,1,04/01/14
103,А,51403,444326.0000,1,04/01/14
103,А,52304,200000.0000,2,04/01/14
103,А,52306,1219438.0000,2,04/01/14
103,А,61011,54733.0000,1,04/01/14
103,А,61012,10947.0000,2,04/01/14
103,А,70603,956286.0000,2,04/01/14
103,А,70705,0.0000,2,04/01/14
103,А,70711,0.0000,1,04/01/14
103,В,90704,0.0000,1,04/01/14
103,Г,93901,0.0000,1,04/01/14
1326,А,10605,2000555.0000,1,04/01/14
1326,А,31409,2175955.0000,2,04/01/14
1326,А,31607,1870967.0000,2,04/01/14
1326,А,32015,105000.0000,2,04/01/14
1326,А,32102,288024.0000,1,04/01/14
1326,А,32211,166094.0000,2,04/01/14
1326,А,32307,892178.0000,1,04/01/14
1326,А,40501,6608.0000,2,04/01/14
1326,А,40820,5651210.0000,2,04/01/14
1326,А,40902,1323133.0000,2,04/01/14
1326,А,41003,15000000.0000,2,04/01/14
1326,А,41703,0.0000,2,04/01/14
1326,А,42001,751185.0000,2,04/01/14
1326,А,42004,298000.0000,2,04/01/14
1326,А,42105,8223885.0000,2,04/01/14
1326,А,42301,3907933.0000,2,04/01/14
1326,А,42309,45807.0000,2,04/01/14
1326,А,42314,12270.0000,2,04/01/14
1326,А,42507,21334141.0000,2,04/01/14
1326,А,42604,242836.0000,2,04/01/14
1326,А,42612,2.0000,2,04/01/14
1326,А,42613,296.0000,2,04/01/14
1326,А,43802,4899389.0000,2,04/01/14
1326,А,44001,533585.0000,2,04/01/14
1326,А,45103,1150000.0000,1,04/01/14
1326,А,45204,37678943.0000,1,04/01/14
1326,А,45207,180706796.0000,1,04/01/14
1326,А,45507,76692600.0000,1,04/01/14
1326,А,45603,1049995.0000,1,04/01/14
1326,А,45604,29528418.0000,1,04/01/14
1326,А,45606,31955594.0000,1,04/01/14
1326,А,45811,305619.0000,1,04/01/14
1326,А,45817,9785.0000,1,04/01/14
1326,А,47303,0.0000,1,04/01/14
1326,А,47404,1784355.0000,1,04/01/14
1326,А,47405,0.0000,2,04/01/14
1326,А,50106,434011.0000,1,04/01/14
1326,А,50110,28812120.0000,1,04/01/14
1326,А,50121,316700.0000,1,04/01/14
1326,А,50507,47394.0000,2,04/01/14
1326,А,50705,18.0000,1,04/01/14
1326,А,51404,2204464.0000,1,04/01/14
1326,А,51406,408724.0000,1,04/01/14
1326,А,51505,1139215.0000,1,04/01/14
1326,А,52006,17194339.0000,2,04/01/14
1326,А,52407,0.0000,2,04/01/14
1326,А,60311,95903.0000,2,04/01/14
1326,А,60324,1191771.0000,2,04/01/14
1326,А,60411,149870.0000,1,04/01/14
1326,А,60706,11498.0000,2,04/01/14
1326,А,61010,287.0000,1,04/01/14
1326,А,61011,529084.0000,1,04/01/14
1326,А,61304,371895.0000,2,04/01/14
1326,А,70610,71165.0000,1,04/01/14
1326,А,70611,1581620.0000,1,04/01/14
1326,В,90704,0.0000,1,04/01/14
1326,В,90907,2248127.0000,1,04/01/14
1326,В,91219,18616.0000,1,04/01/14
1326,В,99998,2191041643.0000,1,04/01/14
1326,Г,93308,25824516.0000,1,04/01/14
1326,Г,93410,46242.0000,1,04/01/14
1326,Г,93506,428879.0000,1,04/01/14
1326,Г,93702,488474.0000,1,04/01/14
1326,Г,93707,33308.0000,1,04/01/14
1326,Г,93709,66984.0000,1,04/01/14
1326,Г,96705,977544.0000,2,04/01/14
1326,Д,98010,144961556303.3900,1,04/01/14
1326,Д,98070,141360402491.3900,2,04/01/14
2786,А,30226,365.0000,2,04/01/14
2786,А,30236,0.0000,2,04/01/14
2786,А,40602,2254.0000,2,04/01/14
2786,А,40702,1194116.0000,2,04/01/14
2786,А,42206,6100.0000,2,04/01/14
2786,А,42307,128136.0000,2,04/01/14
2786,А,45405,292.0000,1,04/01/14
2786,А,45814,22332.0000,1,04/01/14
2786,А,47408,0.0000,1,04/01/14
2786,А,52307,12863.0000,2,04/01/14
2786,А,60309,0.0000,2,04/01/14
2786,А,60322,3085.0000,2,04/01/14
2786,А,60401,613283.0000,1,04/01/14
2786,А,70606,382380.0000,1,04/01/14
2786,В,91311,679771.0000,2,04/01/14
2786,В,91604,148528.0000,1,04/01/14
2249,А,30204,2474.0000,1,04/01/14
2249,А,30233,49.0000,1,04/01/14
2249,А,40703,1298.0000,2,04/01/14
2249,А,40821,16.0000,2,04/01/14
2249,А,42303,15204.0000,2,04/01/14
2249,А,42313,6.0000,2,04/01/14
2249,А,45207,196302.0000,1,04/01/14
2249,А,50106,48304.0000,1,04/01/14
2249,А,60323,345.0000,1,04/01/14
2249,А,61008,2.0000,1,04/01/14
2249,А,61304,479.0000,2,04/01/14
2249,А,70601,94105.0000,2,04/01/14
2249,А,70603,71673.0000,2,04/01/14
2249,В,91507,38425.0000,2,04/01/14
2249,В,99999,536084.0000,2,04/01/14
2249,Г,96901,35494.0000,2,04/01/14
2249,Д,98010,69469.0000,1,04/01/14
1720,А,10207,375000.0000,2,04/01/14
1720,А,30215,1427.0000,1,04/01/14
1720,А,30305,353902.0000,2,04/01/14
1720,А,40701,8821.0000,2,04/01/14
1720,А,42304,251267.0000,2,04/01/14
1720,А,42606,1732.0000,2,04/01/14
1720,А,42607,80.0000,2,04/01/14
1720,А,44907,6371.0000,1,04/01/14
1720,А,45215,63593.0000,2,04/01/14
1720,А,45415,7692.0000,2,04/01/14
1720,А,45505,23604.0000,1,04/01/14
1720,А,45915,708.0000,1,04/01/14
1720,А,50221,2.0000,1,04/01/14
1720,А,60310,0.0000,1,04/01/14
1720,А,61008,1133.0000,1,04/01/14
1720,А,61009,660.0000,1,04/01/14
1720,А,61301,1064.0000,2,04/01/14
1720,В,91207,27.0000,1,04/01/14
1720,В,91501,24018.0000,1,04/01/14
1720,В,91802,14137.0000,1,04/01/14
101,А,10605,169424.0000,1,04/01/14
101,А,30233,10835.0000,1,04/01/14
101,А,30306,0.0000,1,04/01/14
101,А,30606,21.0000,2,04/01/14
101,А,40701,6301960.0000,2,04/01/14
101,А,42301,4133.0000,2,04/01/14
101,А,42309,7.0000,2,04/01/14
101,А,47002,1521.0000,1,04/01/14
101,А,50210,41524.0000,1,04/01/14
101,А,50218,8256379.0000,1,04/01/14
101,А,50219,227.0000,2,04/01/14
101,А,50721,0.0000,1,04/01/14
101,А,52602,0.0000,2,04/01/14
101,А,60307,0.0000,2,04/01/14
101,А,60324,10714.0000,2,04/01/14
101,А,61403,103307.0000,1,04/01/14
101,А,70801,143285.0000,2,04/01/14
101,В,91003,0.0000,2,04/01/14
101,В,91202,4.0000,1,04/01/14
101,Г,93901,8140845.0000,1,04/01/14
101,Г,96306,0.0000,2,04/01/14
101,Г,99996,18327996.0000,1,04/01/14
101,Г,99997,18333297.0000,2,04/01/14
101,Д,98050,407338296.0000,2,04/01/14
3298,А,20208,762.0000,1,04/01/14
3298,А,40911,2.0000,2,04/01/14
3298,А,45215,90577.0000,2,04/01/14
3298,А,60305,776.0000,2,04/01/14
3298,А,61012,3182.0000,2,04/01/14
3298,А,70703,0.0000,2,04/01/14
3298,В,91317,4299.0000,2,04/01/14
3298,В,91604,13947.0000,1,04/01/14
3298,В,91802,16515.0000,1,04/01/14
3298,В,91803,94.0000,1,04/01/14
3166,А,10208,1000.0000,2,04/01/14
3166,А,30221,0.0000,1,04/01/14
3166,А,30222,0.0000,2,04/01/14
3166,А,31901,8500000.0000,1,04/01/14
3166,А,40602,6585.0000,2,04/01/14
3166,А,47301,649606.0000,1,04/01/14
3166,А,47404,0.0000,1,04/01/14
3166,А,47408,0.0000,1,04/01/14
3166,А,47425,51211.0000,2,04/01/14
3166,А,47426,3135.0000,2,04/01/14
3166,А,47427,76219.0000,1,04/01/14
3166,А,60301,298.0000,2,04/01/14
3166,А,60401,115568.0000,1,04/01/14
3166,А,70606,937045.0000,1,04/01/14
1281,А,20209,0.0000,1,04/01/14
1281,А,32004,0.0000,1,04/01/14
1281,А,40821,83.0000,2,04/01/14
1281,А,42103,6000.0000,2,04/01/14
1281,А,42207,1770.0000,2,04/01/14
1281,А,45207,162654.0000,1,04/01/14
1281,А,45208,73084.0000,1,04/01/14
1281,А,45415,142.0000,2,04/01/14
1281,А,47425,1363.0000,2,04/01/14
1281,А,50220,26621.0000,2,04/01/14
1281,А,61002,64.0000,1,04/01/14
1281,А,70801,29086.0000,2,04/01/14
1281,Д,98010,451800.0000,1,04/01/14
2309,А,30102,332948.0000,1,04/01/14
2309,А,31902,800000.0000,1,04/01/14
2309,А,32101,0.0000,1,04/01/14
2309,А,32311,2872.0000,2,04/01/14
2309,А,40702,3108390.0000,2,04/01/14
2309,А,40807,916168.0000,2,04/01/14
2309,А,40814,23.0000,2,04/01/14
2309,А,40820,272558.0000,2,04/01/14
2309,А,42505,214123.0000,2,04/01/14
2309,А,42601,19647.0000,2,04/01/14
2309,А,42603,55648.0000,2,04/01/14
2309,А,50205,40330.0000,1,04/01/14
2309,А,50221,0.0000,1,04/01/14
2309,А,60301,159.0000,2,04/01/14
2309,А,60903,213.0000,2,04/01/14
2309,А,61008,263.0000,1,04/01/14
2309,А,70603,3969764.0000,2,04/01/14
2309,В,91219,0.0000,1,04/01/14
2309,В,91311,55579.0000,2,04/01/14
2309,В,91312,598230.0000,2,04/01/14
2309,В,99998,1662352.0000,1,04/01/14
2309,Д,98050,40228.0000,2,04/01/14
2726,А,10701,8580.0000,2,04/01/14
2726,А,30219,808980.0000,2,04/01/14
2726,А,60301,630.0000,2,04/01/14
2726,А,60306,0.0000,1,04/01/14
2726,А,60309,0.0000,2,04/01/14
2726,А,70601,446237.0000,2,04/01/14
2726,В,91414,4996.0000,1,04/01/14
2726,В,99999,17724.0000,2,04/01/14
103,А,20202,257353.0000,1,04/01/14
103,А,40502,0.0000,2,04/01/14
103,А,40703,5066.0000,2,04/01/14
103,А,40804,0.0000,2,04/01/14
103,А,40807,323532.0000,2,04/01/14
103,А,42309,442.0000,2,04/01/14
103,А,42314,48.0000,2,04/01/14
103,А,45203,0.0000,1,04/01/14
103,А,45215,149003.0000,2,04/01/14
103,А,47423,2304.0000,1,04/01/14
103,А,47427,67634.0000,1,04/01/14
103,А,50307,254340.0000,1,04/01/14
103,А,51404,254075.0000,1,04/01/14
103,А,61209,0.0000,1,04/01/14
103,А,61304,644.0000,2,04/01/14
103,А,70606,300942.0000,1,04/01/14
103,А,70608,938610.0000,1,04/01/14
103,А,70610,2.0000,1,04/01/14
1326,А,30226,1542.0000,2,04/01/14
1326,А,31401,0.0000,2,04/01/14
1326,А,31405,0.0000,2,04/01/14
1326,А,31606,1015494.0000,2,04/01/14
1326,А,31609,214748.0000,2,04/01/14
1326,А,32103,0.0000,1,04/01/14
1326,А,40703,4019811.0000,2,04/01/14
1326,А,41406,300000.0000,2,04/01/14
1326,А,41603,1455000.0000,2,04/01/14
1326,А,42003,178300.0000,2,04/01/14
1326,А,42205,1003327.0000,2,04/01/14
1326,А,42206,400580.0000,2,04/01/14
1326,А,42310,78.0000,2,04/01/14
1326,А,42605,1715838.0000,2,04/01/14
1326,А,42606,1594938.0000,2,04/01/14
1326,А,42607,131618.0000,2,04/01/14
1326,А,42611,35.0000,2,04/01/14
1326,А,44004,1964415.0000,2,04/01/14
1326,А,44606,343098.0000,1,04/01/14
1326,А,44906,593000.0000,1,04/01/14
1326,А,45104,250000.0000,1,04/01/14
1326,А,45401,126046.0000,1,04/01/14
1326,А,45404,61003.0000,1,04/01/14
1326,А,45405,204779.0000,1,04/01/14
1326,А,45605,11114587.0000,1,04/01/14
1326,А,45706,22203.0000,1,04/01/14
1326,А,45814,12972.0000,1,04/01/14
1326,А,45914,71.0000,1,04/01/14
1326,А,47002,5980639.0000,1,04/01/14
1326,А,47304,292473.0000,1,04/01/14
1326,А,47410,656457.0000,1,04/01/14
1326,А,50104,1350882.0000,1,04/01/14
1326,А,50109,428497.0000,1,04/01/14
1326,А,50220,1988137.0000,2,04/01/14
1326,А,50708,9852442.0000,1,04/01/14
1326,А,50721,0.0000,1,04/01/14
1326,А,52306,40350039.0000,2,04/01/14
1326,А,52401,0.0000,2,04/01/14
1326,А,60102,976448.0000,1,04/01/14
1326,А,60204,16381.0000,1,04/01/14
1326,А,60206,5.0000,2,04/01/14
1326,А,60305,633144.0000,2,04/01/14
1326,А,60313,72862.0000,2,04/01/14
1326,А,60401,15810921.0000,1,04/01/14
1326,А,60601,6531988.0000,2,04/01/14
1326,А,60903,351988.0000,2,04/01/14
1326,А,70605,161481.0000,2,04/01/14
1326,А,70608,165275769.0000,1,04/01/14
1326,А,70609,74733.0000,1,04/01/14
1326,А,70613,1009758.0000,2,04/01/14
1326,В,90703,12172596.0000,1,04/01/14
1326,В,90902,33696801.0000,1,04/01/14
1326,В,90908,16380776.0000,1,04/01/14
1326,В,91101,1781.0000,1,04/01/14
1326,В,91104,118.0000,1,04/01/14
1326,В,91315,154685799.0000,2,04/01/14
1326,В,91319,272327602.0000,2,04/01/14
1326,В,91507,6630693.0000,2,04/01/14
1326,Г,93310,108204098.0000,1,04/01/14
1326,Г,94102,1574321.0000,1,04/01/14
1326,Г,96709,0.0000,2,04/01/14
1326,Г,96901,152552503.0000,2,04/01/14
1326,Г,96902,206162140.0000,2,04/01/14
1326,Г,97102,204869.0000,2,04/01/14
1326,Д,98080,0.0000,2,04/01/14
2786,А,10701,13029.0000,2,04/01/14
2786,А,30102,155682.0000,1,04/01/14
2786,А,30109,6612.0000,2,04/01/14
2786,А,30110,63454.0000,1,04/01/14
2786,А,30126,216.0000,2,04/01/14
2786,А,40907,0.0000,2,04/01/14
2786,А,42104,22500.0000,2,04/01/14
2786,А,42305,462734.0000,2,04/01/14
2786,А,42601,4999.0000,2,04/01/14
2786,А,45115,21460.0000,2,04/01/14
2786,А,45204,4560.0000,1,04/01/14
2786,А,45205,154054.0000,1,04/01/14
2786,А,45206,60437.0000,1,04/01/14
2786,А,45215,42095.0000,2,04/01/14
2786,А,45408,65872.0000,1,04/01/14
2786,А,45506,499335.0000,1,04/01/14
2786,А,45515,100094.0000,2,04/01/14
2786,А,45818,452876.0000,2,04/01/14
2786,А,47411,70512.0000,2,04/01/14
2786,А,60409,30126.0000,1,04/01/14
2786,А,60601,189743.0000,2,04/01/14
2786,А,61010,169.0000,1,04/01/14
2786,А,61011,58298.0000,1,04/01/14
2786,А,61212,0.0000,1,04/01/14
2786,А,61304,62.0000,2,04/01/14
2786,А,61403,9930.0000,1,04/01/14
2786,А,70608,69917.0000,1,04/01/14
2786,А,70801,241378.0000,2,04/01/14
2786,В,91316,2373.0000,2,04/01/14
2786,В,91317,1547695.0000,2,04/01/14
2786,В,91318,0.0000,2,04/01/14
2786,В,91704,110574.0000,1,04/01/14
2786,В,91802,327734.0000,1,04/01/14
2786,В,99999,13618870.0000,2,04/01/14
2786,Г,96901,14682.0000,2,04/01/14
2249,А,10207,81500.0000,2,04/01/14
2249,А,20302,0.0000,1,04/01/14
2249,А,30232,593.0000,2,04/01/14
2249,А,40603,1.0000,2,04/01/14
2249,А,40901,0.0000,2,04/01/14
2249,А,42104,10000.0000,2,04/01/14
2249,А,42107,131500.0000,2,04/01/14
2249,А,47423,110.0000,1,04/01/14
2249,А,60305,313.0000,2,04/01/14
2249,А,60309,0.0000,2,04/01/14
2249,А,60322,0.0000,2,04/01/14
2249,А,70604,19.0000,2,04/01/14
2249,А,70607,994.0000,1,04/01/14
2249,В,90802,51000.0000,1,04/01/14
2249,В,91312,689515.0000,2,04/01/14
2249,В,91501,31.0000,1,04/01/14
2249,В,99998,784802.0000,1,04/01/14
2249,Г,97001,35446.0000,2,04/01/14
1720,А,20209,14155.0000,1,04/01/14
1720,А,30126,0.0000,2,04/01/14
1720,А,30223,73673.0000,2,04/01/14
1720,А,30301,615237.0000,2,04/01/14
1720,А,40911,4181.0000,2,04/01/14
1720,А,42306,2869664.0000,2,04/01/14
1720,А,45107,21538.0000,1,04/01/14
1720,А,45115,554.0000,2,04/01/14
1720,А,45307,2415.0000,1,04/01/14
1720,А,45504,4084.0000,1,04/01/14
1720,А,45507,2322701.0000,1,04/01/14
1720,А,45812,62741.0000,1,04/01/14
1720,А,45815,20397.0000,1,04/01/14
1720,А,47423,13488.0000,1,04/01/14
1720,А,47425,15890.0000,2,04/01/14
1720,А,47427,18433.0000,1,04/01/14
1720,А,50207,367696.0000,1,04/01/14
1720,А,50721,38.0000,1,04/01/14
1720,А,60306,8912.0000,1,04/01/14
1720,А,60324,2975.0000,2,04/01/14
1720,А,60601,175352.0000,2,04/01/14
1720,А,60701,853.0000,1,04/01/14
1720,А,60706,10216.0000,2,04/01/14
1720,А,60901,15.0000,1,04/01/14
1720,А,61010,14.0000,1,04/01/14
1720,А,61209,0.0000,1,04/01/14
1720,А,70608,48611.0000,1,04/01/14
1720,А,70801,69204.0000,2,04/01/14
1720,В,90901,529198.0000,1,04/01/14
1720,В,90902,400012.0000,1,04/01/14
1720,В,91315,34876.0000,2,04/01/14
1720,В,91414,4634736.0000,1,04/01/14
1720,В,91502,211.0000,1,04/01/14
1720,В,99998,6883056.0000,1,04/01/14
101,А,20208,103313.0000,1,04/01/14
101,А,30114,106230.0000,1,04/01/14
101,А,30602,1.0000,1,04/01/14
101,А,31503,0.0000,2,04/01/14
101,А,32211,0.0000,2,04/01/14
101,А,40602,110.0000,2,04/01/14
101,А,40703,7603.0000,2,04/01/14
101,А,42003,5500.0000,2,04/01/14
101,А,42106,0.0000,2,04/01/14
101,А,43702,2169288.0000,2,04/01/14
101,А,45207,110000.0000,1,04/01/14
101,А,45515,13212.0000,2,04/01/14
101,А,45915,1434.0000,1,04/01/14
101,А,45918,836.0000,2,04/01/14
101,А,47417,0.0000,1,04/01/14
101,А,50221,37992.0000,1,04/01/14
101,А,50605,2232.0000,1,04/01/14
101,А,50606,0.0000,1,04/01/14
101,А,60601,101707.0000,2,04/01/14
101,А,60602,1752.0000,2,04/01/14
101,А,61304,199.0000,2,04/01/14
101,А,70602,0.0000,2,04/01/14
101,В,91704,7483.0000,1,04/01/14
101,В,99999,1678707.0000,2,04/01/14
101,Г,93507,0.0000,1,04/01/14
101,Г,94102,0.0000,1,04/01/14
101,Г,96307,0.0000,2,04/01/14
3298,А,40802,514.0000,2,04/01/14
3298,А,40913,0.0000,2,04/01/14
3298,А,42305,64757.0000,2,04/01/14
3298,А,47425,11.0000,2,04/01/14
3298,А,52301,3500.0000,2,04/01/14
3298,А,52307,17000.0000,2,04/01/14
3298,А,52501,3135.0000,2,04/01/14
3298,А,60308,195.0000,1,04/01/14
3298,А,60601,46475.0000,2,04/01/14
3298,А,70601,38055.0000,2,04/01/14
3298,В,91312,571875.0000,2,04/01/14
3298,В,91414,73844.0000,1,04/01/14
3166,А,30104,415108.0000,1,04/01/14
3166,А,30114,3144429.0000,1,04/01/14
3166,А,30232,3119783.0000,2,04/01/14
3166,А,32302,605902.0000,1,04/01/14
3166,А,40807,5041.0000,2,04/01/14
3166,А,50104,808358.0000,1,04/01/14
3166,А,60310,3357.0000,1,04/01/14
3166,А,60311,1447.0000,2,04/01/14
3166,А,61403,41817.0000,1,04/01/14
3166,А,70608,1256269.0000,1,04/01/14
3166,А,70611,126122.0000,1,04/01/14
3166,В,90902,62.0000,1,04/01/14
1281,А,20202,40190.0000,1,04/01/14
1281,А,40702,85911.0000,2,04/01/14
1281,А,42104,28400.0000,2,04/01/14
1281,А,45814,5336.0000,1,04/01/14
1281,А,45918,98.0000,2,04/01/14
1281,А,47407,0.0000,2,04/01/14
1281,А,47426,1280.0000,2,04/01/14
1281,А,47427,3314.0000,1,04/01/14
1281,А,50218,39351.0000,1,04/01/14
1281,А,60307,0.0000,2,04/01/14
1281,А,60308,0.0000,1,04/01/14
1281,А,60311,0.0000,2,04/01/14
1281,А,70603,495.0000,2,04/01/14
1281,В,91003,0.0000,2,04/01/14
1281,В,91414,1936801.0000,1,04/01/14
1281,В,91604,321.0000,1,04/01/14
1281,Д,98050,362036.0000,2,04/01/14
2309,А,10701,24405.0000,2,04/01/14
2309,А,20209,0.0000,1,04/01/14
2309,А,30204,37849.0000,1,04/01/14
2309,А,30220,30868.0000,2,04/01/14
2309,А,30222,0.0000,2,04/01/14
2309,А,31409,1427484.0000,2,04/01/14
2309,А,32105,229939.0000,1,04/01/14
2309,А,40503,320.0000,2,04/01/14
2309,А,40802,327.0000,2,04/01/14
2309,А,40813,3.0000,2,04/01/14
2309,А,47416,1951.0000,2,04/01/14
2309,А,47801,26499.0000,1,04/01/14
2309,А,60312,1993.0000,1,04/01/14
2309,А,60314,1546.0000,1,04/01/14
2309,А,70608,3807324.0000,1,04/01/14
2309,А,70706,1203949.0000,1,04/01/14
2309,А,70708,5646240.0000,1,04/01/14
2309,А,70711,23943.0000,1,04/01/14
2309,В,90901,7600.0000,1,04/01/14
2309,Г,99997,4108804.0000,2,04/01/14
2726,А,10602,1024.0000,2,04/01/14
2726,А,10801,341180.0000,2,04/01/14
2726,А,30204,14798.0000,1,04/01/14
2726,А,47423,350566.0000,1,04/01/14
2726,А,60308,118.0000,1,04/01/14
2726,А,60401,119945.0000,1,04/01/14
2726,А,60701,0.0000,1,04/01/14
2726,А,70603,335547.0000,2,04/01/14
2726,А,70608,334829.0000,1,04/01/14
2726,А,70705,0.0000,2,04/01/14
2726,А,70706,0.0000,1,04/01/14
2726,А,70710,0.0000,1,04/01/14
2726,В,91417,1182.0000,1,04/01/14
2726,В,99998,72290.0000,1,04/01/14
103,А,30233,0.0000,1,04/01/14
103,А,32003,1100000.0000,1,04/01/14
103,А,32501,1.0000,1,04/01/14
103,А,40906,0.0000,2,04/01/14
103,А,42301,200430.0000,2,04/01/14
103,А,45505,19544.0000,1,04/01/14
103,А,45706,428.0000,1,04/01/14
103,А,45918,7818.0000,2,04/01/14
103,А,47416,1165.0000,2,04/01/14
103,А,51401,0.0000,1,04/01/14
103,А,51405,1128076.0000,1,04/01/14
103,А,60302,22.0000,1,04/01/14
103,А,60309,384.0000,2,04/01/14
103,А,60310,423.0000,1,04/01/14
103,А,60312,1621.0000,1,04/01/14
103,А,61008,498.0000,1,04/01/14
103,А,70601,486528.0000,2,04/01/14
103,А,70611,37153.0000,1,04/01/14
103,В,91311,4794795.0000,2,04/01/14
103,Г,96902,0.0000,2,04/01/14
1326,А,20202,21516669.0000,1,04/01/14
1326,А,20310,778.0000,2,04/01/14
1326,А,30109,2856953.0000,2,04/01/14
1326,А,30210,319601.0000,1,04/01/14
1326,А,30301,992261877.0000,2,04/01/14
1326,А,31308,89218.0000,2,04/01/14
1326,А,31506,186047.0000,2,04/01/14
1326,А,32203,1340865.0000,1,04/01/14
1326,А,32309,411774.0000,1,04/01/14
1326,А,40502,9486980.0000,2,04/01/14
1326,А,40802,4378664.0000,2,04/01/14
1326,А,40815,56.0000,2,04/01/14
1326,А,40906,1794.0000,2,04/01/14
1326,А,40911,21132.0000,2,04/01/14
1326,А,41504,74929.0000,2,04/01/14
1326,А,41505,109765.0000,2,04/01/14
1326,А,41602,0.0000,2,04/01/14
1326,А,41606,1400000.0000,2,04/01/14
1326,А,42005,11364217.0000,2,04/01/14
1326,А,42101,381.0000,2,04/01/14
1326,А,42202,30000.0000,2,04/01/14
1326,А,42312,573.0000,2,04/01/14
1326,А,42313,10057.0000,2,04/01/14
1326,А,44608,56876.0000,1,04/01/14
1326,А,45107,12404627.0000,1,04/01/14
1326,А,45115,6241881.0000,2,04/01/14
1326,А,45203,2133977.0000,1,04/01/14
1326,А,45208,206818149.0000,1,04/01/14
1326,А,45415,69869.0000,2,04/01/14
1326,А,45515,6502019.0000,2,04/01/14
1326,А,45601,0.0000,1,04/01/14
1326,А,45812,20754465.0000,1,04/01/14
1326,А,45815,27307990.0000,1,04/01/14
1326,А,45912,188621.0000,1,04/01/14
1326,А,45915,1008193.0000,1,04/01/14
1326,А,45917,285.0000,1,04/01/14
1326,А,47108,598113.0000,2,04/01/14
1326,А,47306,141506.0000,1,04/01/14
1326,А,47308,4458087.0000,2,04/01/14
1326,А,47407,515307.0000,2,04/01/14
1326,А,47411,0.0000,2,04/01/14
1326,А,47417,365572.0000,1,04/01/14
1326,А,47422,1063247.0000,2,04/01/14
1326,А,47802,8820553.0000,1,04/01/14
1326,А,50108,2616255.0000,1,04/01/14
1326,А,50118,39062483.0000,1,04/01/14
1326,А,50120,1367513.0000,2,04/01/14
1326,А,50206,0.0000,1,04/01/14
1326,А,50718,199950.0000,1,04/01/14
1326,А,51403,412585.0000,1,04/01/14
1326,А,51510,72775.0000,2,04/01/14
1326,А,52005,15633065.0000,2,04/01/14
1326,А,52301,382003.0000,2,04/01/14
1326,А,60310,1073100.0000,1,04/01/14
1326,А,60410,11590.0000,1,04/01/14
1326,А,61301,44756.0000,2,04/01/14
1326,В,91802,2390674.0000,1,04/01/14
1326,Г,93305,36992536.0000,1,04/01/14
1326,Г,93311,3762186.0000,1,04/01/14
1326,Г,93507,394980.0000,1,04/01/14
1326,Г,93703,0.0000,1,04/01/14
1326,Г,93902,204639625.0000,1,04/01/14
1326,Г,96301,35308.0000,2,04/01/14
1326,Г,96503,2620131.0000,2,04/01/14
1326,Г,96504,0.0000,2,04/01/14
1326,Д,98015,0.0000,1,04/01/14
1326,Д,98055,1233643.0000,2,04/01/14
1326,Д,98060,29982908.0000,2,04/01/14
2786,А,20209,28231.0000,1,04/01/14
2786,А,30204,2947.0000,1,04/01/14
2786,А,30233,727.0000,1,04/01/14
2786,А,32004,140000.0000,1,04/01/14
2786,А,32007,1771153.0000,1,04/01/14
2786,А,40302,8052.0000,2,04/01/14
2786,А,40913,0.0000,2,04/01/14
2786,А,42304,145902.0000,2,04/01/14
2786,А,45201,65403.0000,1,04/01/14
2786,А,45207,217037.0000,1,04/01/14
2786,А,45415,10517.0000,2,04/01/14
2786,А,45505,26558.0000,1,04/01/14
2786,А,45811,29356.0000,1,04/01/14
2786,А,45911,426.0000,1,04/01/14
2786,А,45915,20645.0000,1,04/01/14
2786,А,47427,88568.0000,1,04/01/14
2786,А,47802,95656.0000,1,04/01/14
2786,А,60305,9251.0000,2,04/01/14
2786,А,61008,593.0000,1,04/01/14
2786,А,70601,458098.0000,2,04/01/14
2786,А,70611,2275.0000,1,04/01/14
2786,В,91207,2.0000,1,04/01/14
2786,Д,98000,301.0000,1,04/01/14
2786,Д,98050,301.0000,2,04/01/14
2249,А,30302,42876.0000,1,04/01/14
2249,А,30306,83092.0000,1,04/01/14
2249,А,32002,100000.0000,1,04/01/14
2249,А,40602,14.0000,2,04/01/14
2249,А,40802,9174.0000,2,04/01/14
2249,А,40909,0.0000,2,04/01/14
2249,А,42301,44907.0000,2,04/01/14
2249,А,47416,258.0000,2,04/01/14
2249,А,60302,2.0000,1,04/01/14
2249,А,60308,0.0000,1,04/01/14
2249,А,60311,0.0000,2,04/01/14
2249,А,61009,0.0000,1,04/01/14
2249,В,91604,4104.0000,1,04/01/14
1720,А,30221,3500.0000,1,04/01/14
1720,А,40807,29.0000,2,04/01/14
1720,А,40821,9975.0000,2,04/01/14
1720,А,40913,0.0000,2,04/01/14
1720,А,42301,146474.0000,2,04/01/14
1720,А,45208,333916.0000,1,04/01/14
1720,А,45407,113883.0000,1,04/01/14
1720,А,45408,244949.0000,1,04/01/14
1720,А,45503,300.0000,1,04/01/14
1720,А,45814,19895.0000,1,04/01/14
1720,А,47411,45990.0000,2,04/01/14
1720,А,50720,1463.0000,2,04/01/14
1720,А,60301,2784.0000,2,04/01/14
1720,А,61304,126.0000,2,04/01/14
1720,В,91004,0.0000,2,04/01/14
1720,В,91202,4110.0000,1,04/01/14
1720,В,91803,16117.0000,1,04/01/14
1720,В,99999,5649791.0000,2,04/01/14
1720,Г,93901,0.0000,1,04/01/14
1720,Г,96901,0.0000,2,04/01/14
1720,Г,99996,0.0000,1,04/01/14
1720,Г,99997,0.0000,2,04/01/14
1720,Д,98000,13.0000,1,04/01/14
101,А,10602,60200.0000,2,04/01/14
101,А,10603,37991.0000,2,04/01/14
101,А,20202,1874140.0000,1,04/01/14
101,А,30425,7855.0000,1,04/01/14
101,А,30607,0.0000,2,04/01/14
101,А,32201,321.0000,1,04/01/14
101,А,32203,0.0000,1,04/01/14
101,А,40702,365805.0000,2,04/01/14
101,А,42206,101700.0000,2,04/01/14
101,А,42311,35.0000,2,04/01/14
101,А,45506,167888.0000,1,04/01/14
101,А,45507,126889.0000,1,04/01/14
101,А,47404,5506256.0000,1,04/01/14
101,А,47408,0.0000,1,04/01/14
101,А,47416,285.0000,2,04/01/14
101,А,47422,1186.0000,2,04/01/14
101,А,60701,1918.0000,1,04/01/14
101,А,61209,0.0000,1,04/01/14
101,А,70603,1665916.0000,2,04/01/14
101,А,70606,3636006.0000,1,04/01/14
101,В,90901,178881.0000,1,04/01/14
101,В,91311,0.0000,2,04/01/14
101,В,91507,52073.0000,2,04/01/14
101,Г,96303,0.0000,2,04/01/14
101,Г,97101,0.0000,2,04/01/14
3298,А,10701,1603.0000,2,04/01/14
3298,А,30110,16063.0000,1,04/01/14
3298,А,42107,19000.0000,2,04/01/14
3298,А,42301,1437.0000,2,04/01/14
3298,А,42304,29051.0000,2,04/01/14
3298,А,45407,4500.0000,1,04/01/14
3298,А,45818,28555.0000,2,04/01/14
3298,А,60312,477.0000,1,04/01/14
3298,В,90902,1156637.0000,1,04/01/14
3298,В,91316,0.0000,2,04/01/14
3166,А,10701,388901.0000,2,04/01/14
3166,А,30111,850124.0000,2,04/01/14
3166,А,30233,345594.0000,1,04/01/14
3166,А,40703,1802.0000,2,04/01/14
3166,А,47423,65064.0000,1,04/01/14
3166,А,50120,46514.0000,2,04/01/14
3166,А,60306,2231.0000,1,04/01/14
3166,А,60309,1059.0000,2,04/01/14
3166,А,60312,103656.0000,1,04/01/14
3166,А,60324,1125.0000,2,04/01/14
3166,А,70607,11727.0000,1,04/01/14
3166,А,70801,808520.0000,2,04/01/14
1281,А,30102,29056.0000,1,04/01/14
1281,А,31503,30000.0000,2,04/01/14
1281,А,40817,1541.0000,2,04/01/14
1281,А,40912,0.0000,2,04/01/14
1281,А,42304,76509.0000,2,04/01/14
1281,А,42305,129623.0000,2,04/01/14
1281,А,45204,1728.0000,1,04/01/14
1281,А,45308,2230.0000,1,04/01/14
1281,А,45404,6992.0000,1,04/01/14
1281,А,45405,4948.0000,1,04/01/14
1281,А,45812,5760.0000,1,04/01/14
1281,А,60601,5907.0000,2,04/01/14
1281,А,61008,10.0000,1,04/01/14
1281,А,70601,43229.0000,2,04/01/14
1281,А,70606,31154.0000,1,04/01/14
1281,В,90902,6319.0000,1,04/01/14
2309,А,20202,149827.0000,1,04/01/14
2309,А,30306,6237668.0000,1,04/01/14
2309,А,30602,60.0000,1,04/01/14
2309,А,31302,200000.0000,2,04/01/14
2309,А,31308,3737.0000,2,04/01/14
2309,А,31401,0.0000,2,04/01/14
2309,А,32306,482313.0000,1,04/01/14
2309,А,40817,64679.0000,2,04/01/14
2309,А,40901,25.0000,2,04/01/14
2309,А,42301,1394.0000,2,04/01/14
2309,А,47408,0.0000,1,04/01/14
2309,А,47427,10048.0000,1,04/01/14
2309,А,50220,287.0000,2,04/01/14
2309,А,60309,57.0000,2,04/01/14
2309,А,60401,1049898.0000,1,04/01/14
2309,А,60601,70314.0000,2,04/01/14
2309,А,61002,0.0000,1,04/01/14
2309,А,61403,10534.0000,1,04/01/14
2309,А,70606,1127434.0000,1,04/01/14
2309,В,91207,33.0000,1,04/01/14
2309,В,91418,449998.0000,1,04/01/14
2309,Г,99996,4108671.0000,1,04/01/14
2309,Д,98000,35.0000,1,04/01/14
2309,Д,98010,40193.0000,1,04/01/14
2726,А,20202,600.0000,1,04/01/14
2726,А,30109,29855.0000,2,04/01/14
2726,А,30202,1727.0000,1,04/01/14
2726,А,31310,4.0000,2,04/01/14
2726,А,32004,150000.0000,1,04/01/14
2726,А,60310,3978.0000,1,04/01/14
2726,А,70610,6.0000,1,04/01/14
103,А,30102,900371.0000,1,04/01/14
103,А,30126,1761.0000,2,04/01/14
103,А,32403,1254.0000,2,04/01/14
103,А,32505,1.0000,2,04/01/14
103,А,40813,0.0000,2,04/01/14
103,А,42313,175.0000,2,04/01/14
103,А,45506,949258.0000,1,04/01/14
103,А,47422,12.0000,2,04/01/14
103,А,47425,31181.0000,2,04/01/14
103,А,52305,2980670.0000,2,04/01/14
103,А,52501,33766.0000,2,04/01/14
103,А,60305,5513.0000,2,04/01/14
103,А,60308,60.0000,1,04/01/14
103,А,60701,0.0000,1,04/01/14
103,А,61002,259.0000,1,04/01/14
103,А,70706,0.0000,1,04/01/14
103,А,70710,0.0000,1,04/01/14
103,В,90901,34306.0000,1,04/01/14
103,В,90902,218366.0000,1,04/01/14
103,В,91102,0.0000,1,04/01/14
103,В,91508,124.0000,2,04/01/14
103,Г,96901,0.0000,2,04/01/14
103,Г,99996,0.0000,1,04/01/14
103,Д,98020,0.0000,1,04/01/14
1326,А,10602,1810961.0000,2,04/01/14
1326,А,30114,7153294.0000,1,04/01/14
1326,А,30219,5780881.0000,2,04/01/14
1326,А,30231,25706.0000,2,04/01/14
1326,А,30235,0.0000,1,04/01/14
1326,А,30302,992261877.0000,1,04/01/14
1326,А,30305,540338467.0000,2,04/01/14
1326,А,30425,24855.0000,1,04/01/14
1326,А,31307,2978055.0000,2,04/01/14
1326,А,31309,39613166.0000,2,04/01/14
1326,А,31502,3638941.0000,2,04/01/14
1326,А,31605,14159.0000,2,04/01/14
1326,А,31608,1830229.0000,2,04/01/14
1326,А,32003,249810.0000,1,04/01/14
1326,А,32004,0.0000,1,04/01/14
1326,А,32115,60206.0000,2,04/01/14
1326,А,32206,93841.0000,1,04/01/14
1326,А,32207,35958.0000,1,04/01/14
1326,А,40601,673.0000,2,04/01/14
1326,А,41101,2100000.0000,2,04/01/14
1326,А,41404,0.0000,2,04/01/14
1326,А,42103,3034418.0000,2,04/01/14
1326,А,42203,70000.0000,2,04/01/14
1326,А,42506,1164544.0000,2,04/01/14
1326,А,42614,396.0000,2,04/01/14
1326,А,43704,0.0000,2,04/01/14
1326,А,43803,0.0000,2,04/01/14
1326,А,44615,2291.0000,2,04/01/14
1326,А,45406,400915.0000,1,04/01/14
1326,А,45503,77852.0000,1,04/01/14
1326,А,45505,12449899.0000,1,04/01/14
1326,А,45602,1386682.0000,1,04/01/14
1326,А,45701,175.0000,1,04/01/14
1326,А,45816,2048565.0000,1,04/01/14
1326,А,45818,37852188.0000,2,04/01/14
1326,А,47004,0.0000,1,04/01/14
1326,А,47102,4228673.0000,1,04/01/14
1326,А,47104,15152985.0000,1,04/01/14
1326,А,47105,2440686.0000,1,04/01/14
1326,А,47305,358914.0000,1,04/01/14
1326,А,47401,26735552.0000,2,04/01/14
1326,А,47803,33306405.0000,1,04/01/14
1326,А,50210,95100.0000,1,04/01/14
1326,А,50219,2047.0000,2,04/01/14
1326,А,50221,249169.0000,1,04/01/14
1326,А,50505,47394.0000,1,04/01/14
1326,А,51507,1000.0000,1,04/01/14
1326,А,51509,72426.0000,1,04/01/14
1326,А,52601,11587602.0000,1,04/01/14
1326,А,60309,20946.0000,2,04/01/14
1326,А,60314,355710.0000,1,04/01/14
1326,А,60322,520157.0000,2,04/01/14
1326,А,60404,101143.0000,1,04/01/14
1326,А,61012,43826.0000,2,04/01/14
1326,В,90705,6.0000,1,04/01/14
1326,В,90803,16931569.0000,1,04/01/14
1326,В,91004,0.0000,2,04/01/14
1326,В,91207,7.0000,1,04/01/14
1326,В,91312,910034688.0000,2,04/01/14
1326,В,91417,35570073.0000,1,04/01/14
1326,Г,96310,122279229.0000,2,04/01/14
1326,Г,96405,46242.0000,2,04/01/14
1326,Г,96506,898954.0000,2,04/01/14
1326,Г,97101,1148948.0000,2,04/01/14
1326,Д,98065,0.0000,2,04/01/14
2786,А,10207,534000.0000,2,04/01/14
2786,А,10801,280032.0000,2,04/01/14
2786,А,32003,205000.0000,1,04/01/14
2786,А,40821,172.0000,2,04/01/14
2786,А,40912,0.0000,2,04/01/14
2786,А,42105,93700.0000,2,04/01/14
2786,А,42107,102000.0000,2,04/01/14
2786,А,42303,33.0000,2,04/01/14
2786,А,47801,157395.0000,1,04/01/14
2786,А,47804,49255.0000,2,04/01/14
2786,А,60323,7883.0000,1,04/01/14
2786,А,61012,17425.0000,2,04/01/14
2786,А,61401,0.0000,1,04/01/14
2786,В,90701,3.0000,1,04/01/14
2786,В,90803,12863.0000,1,04/01/14
2786,В,90901,4712618.0000,1,04/01/14
2786,В,90902,178916.0000,1,04/01/14
2786,Г,99996,14682.0000,1,04/01/14
2249,А,10601,74391.0000,2,04/01/14
2249,А,20308,159.0000,1,04/01/14
2249,А,30602,79.0000,1,04/01/14
2249,А,32004,0.0000,1,04/01/14
2249,А,40905,0.0000,2,04/01/14
2249,А,42105,35100.0000,2,04/01/14
2249,А,42304,14554.0000,2,04/01/14
2249,А,45507,118222.0000,1,04/01/14
2249,А,50107,13743.0000,1,04/01/14
2249,А,50121,17.0000,1,04/01/14
2249,А,60411,128511.0000,1,04/01/14
2249,А,70801,23017.0000,2,04/01/14
2249,В,90902,164731.0000,1,04/01/14
2249,Г,93901,35604.0000,1,04/01/14
2249,Д,98050,69469.0000,2,04/01/14
1720,А,10701,75000.0000,2,04/01/14
1720,А,30202,58553.0000,1,04/01/14
1720,А,30222,0.0000,2,04/01/14
1720,А,30232,578.0000,2,04/01/14
1720,А,30236,1290.0000,2,04/01/14
1720,А,40802,245320.0000,2,04/01/14
1720,А,40910,0.0000,2,04/01/14
1720,А,40912,0.0000,2,04/01/14
1720,А,42105,100000.0000,2,04/01/14
1720,А,42303,87.0000,2,04/01/14
1720,А,44915,6.0000,2,04/01/14
1720,А,45101,0.0000,1,04/01/14
1720,А,45205,28201.0000,1,04/01/14
1720,А,45206,231231.0000,1,04/01/14
1720,А,45315,24.0000,2,04/01/14
1720,А,45515,50959.0000,2,04/01/14
1720,А,45912,96.0000,1,04/01/14
1720,А,45914,497.0000,1,04/01/14
1720,А,47408,0.0000,1,04/01/14
1720,А,47426,946.0000,2,04/01/14
1720,А,47804,8729.0000,2,04/01/14
1720,А,50706,2121.0000,1,04/01/14
1720,А,60705,51082.0000,1,04/01/14
1720,А,70601,483036.0000,2,04/01/14
101,А,30109,1.0000,2,04/01/14
101,А,30202,366721.0000,1,04/01/14
101,А,30236,0.0000,2,04/01/14
101,А,30424,50937.0000,1,04/01/14
101,А,40802,20815.0000,2,04/01/14
101,А,40817,2207643.0000,2,04/01/14
101,А,42304,96662.0000,2,04/01/14
101,А,42306,291614.0000,2,04/01/14
101,А,47423,3640.0000,1,04/01/14
101,А,47426,40060.0000,2,04/01/14
101,А,50207,1282968.0000,1,04/01/14
101,А,60310,0.0000,1,04/01/14
101,А,60311,2780.0000,2,04/01/14
101,А,60323,11163.0000,1,04/01/14
101,А,61009,3.0000,1,04/01/14
101,А,70601,3702961.0000,2,04/01/14
101,А,70608,1429969.0000,1,04/01/14
101,В,91004,0.0000,2,04/01/14
101,В,91314,2314242.0000,2,04/01/14
101,Г,93303,0.0000,1,04/01/14
101,Г,93902,10166675.0000,1,04/01/14
101,Г,96302,0.0000,2,04/01/14
101,Г,96502,25977.0000,2,04/01/14
3298,А,10207,313104.0000,2,04/01/14
3298,А,42105,30000.0000,2,04/01/14
3298,А,45206,0.0000,1,04/01/14
3298,А,45509,1703.0000,1,04/01/14
3298,А,47427,380.0000,1,04/01/14
3298,А,60306,0.0000,1,04/01/14
3298,А,61403,356.0000,1,04/01/14
3298,А,70708,0.0000,1,04/01/14
3298,В,90901,5.0000,1,04/01/14
3166,А,31902,1140000.0000,1,04/01/14
3166,А,32201,14521.0000,1,04/01/14
3166,А,47416,5.0000,2,04/01/14
3166,А,60307,0.0000,2,04/01/14
3166,А,60601,3977.0000,2,04/01/14
3166,В,91507,121453.0000,2,04/01/14
3166,В,99998,122504.0000,1,04/01/14
3166,Д,98070,598866.0000,2,04/01/14
1281,А,30110,3932.0000,1,04/01/14
1281,А,30602,155.0000,1,04/01/14
1281,А,32002,0.0000,1,04/01/14
1281,А,40909,0.0000,2,04/01/14
1281,А,40911,5740.0000,2,04/01/14
1281,А,42204,7000.0000,2,04/01/14
1281,А,42306,486373.0000,2,04/01/14
1281,А,47408,0.0000,1,04/01/14
1281,А,47422,0.0000,2,04/01/14
1281,А,60302,1027.0000,1,04/01/14
1281,А,60312,65.0000,1,04/01/14
1281,В,91312,1393431.0000,2,04/01/14
1281,В,91411,83802.0000,1,04/01/14
2309,А,10207,935000.0000,2,04/01/14
2309,А,30111,337471.0000,2,04/01/14
2309,А,30236,2299.0000,2,04/01/14
2309,А,30424,6283.0000,1,04/01/14
2309,А,40703,30.0000,2,04/01/14
2309,А,42604,85365.0000,2,04/01/14
2309,А,42605,59368.0000,2,04/01/14
2309,А,45215,108817.0000,2,04/01/14
2309,А,47101,4.0000,1,04/01/14
2309,А,47431,0.0000,1,04/01/14
2309,А,60701,12.0000,1,04/01/14
2309,А,61010,0.0000,1,04/01/14
2309,А,61212,0.0000,1,04/01/14
2309,А,70611,2579.0000,1,04/01/14
2309,В,91211,11096.0000,2,04/01/14
2309,В,91315,283521.0000,2,04/01/14
2309,В,91414,4176914.0000,1,04/01/14
2309,В,91507,76260.0000,2,04/01/14
2309,В,91604,67.0000,1,04/01/14
2726,А,10208,42900.0000,2,04/01/14
2726,А,30114,961701.0000,1,04/01/14
2726,А,47425,13880.0000,2,04/01/14
2726,А,60302,12623.0000,1,04/01/14
2726,А,60305,0.0000,2,04/01/14
2726,А,60320,0.0000,2,04/01/14
2726,А,60322,311.0000,2,04/01/14
2726,А,60601,42306.0000,2,04/01/14
2726,А,70801,125388.0000,2,04/01/14
103,А,30110,329581.0000,1,04/01/14
103,А,30114,664307.0000,1,04/01/14
103,А,30202,65559.0000,1,04/01/14
103,А,40820,150.0000,2,04/01/14
103,А,42305,773.0000,2,04/01/14
103,А,42613,12.0000,2,04/01/14
103,А,45504,0.0000,1,04/01/14
103,А,45915,21110.0000,1,04/01/14
103,А,51406,333871.0000,1,04/01/14
103,А,52307,640928.0000,2,04/01/14
103,А,70703,0.0000,2,04/01/14
103,В,90701,1.0000,1,04/01/14
103,В,90705,0.0000,1,04/01/14
103,В,91202,3.0000,1,04/01/14
103,В,91315,2110810.0000,2,04/01/14
103,В,91414,3069507.0000,1,04/01/14
103,В,99999,3428525.0000,2,04/01/14
103,Г,93902,0.0000,1,04/01/14
103,Д,98000,200.0000,1,04/01/14
1326,А,10603,249169.0000,2,04/01/14
1326,А,10701,2979381.0000,2,04/01/14
1326,А,30102,18145180.0000,1,04/01/14
1326,А,30119,1.0000,1,04/01/14
1326,А,30218,0.0000,1,04/01/14
1326,А,30223,1921148.0000,2,04/01/14
1326,А,30414,159524.0000,2,04/01/14
1326,А,30601,3811855.0000,2,04/01/14
1326,А,30603,50.0000,2,04/01/14
1326,А,30606,112942.0000,2,04/01/14
1326,А,31304,1400000.0000,2,04/01/14
1326,А,31306,3211839.0000,2,04/01/14
1326,А,31504,676473.0000,2,04/01/14
1326,А,31601,1434352.0000,2,04/01/14
1326,А,32002,2570613.0000,1,04/01/14
1326,А,32007,535307.0000,1,04/01/14
1326,А,32107,1070613.0000,1,04/01/14
1326,А,32201,0.0000,1,04/01/14
1326,А,32202,3724604.0000,1,04/01/14
1326,А,32902,2958052.0000,1,04/01/14
1326,А,40804,117.0000,2,04/01/14
1326,А,40807,6193539.0000,2,04/01/14
1326,А,40814,644.0000,2,04/01/14
1326,А,40817,193943669.0000,2,04/01/14
1326,А,41906,0.0000,2,04/01/14
1326,А,42006,42047265.0000,2,04/01/14
1326,А,42204,332050.0000,2,04/01/14
1326,А,42207,17000.0000,2,04/01/14
1326,А,42615,275.0000,2,04/01/14
1326,А,43801,6700644.0000,2,04/01/14
1326,А,43804,0.0000,2,04/01/14
1326,А,44002,19126116.0000,2,04/01/14
1326,А,44007,108845655.0000,2,04/01/14
1326,А,45215,29411250.0000,2,04/01/14
1326,А,45407,161184.0000,1,04/01/14
1326,А,45408,1107000.0000,1,04/01/14
1326,А,45410,31172.0000,1,04/01/14
1326,А,47003,0.0000,1,04/01/14
1326,А,47107,49032.0000,1,04/01/14
1326,А,47302,17972515.0000,1,04/01/14
1326,А,47408,3879751.0000,1,04/01/14
1326,А,47416,856108.0000,2,04/01/14
1326,А,50107,4858631.0000,1,04/01/14
1326,А,50205,21755008.0000,1,04/01/14
1326,А,50621,3105386.0000,1,04/01/14
1326,А,50706,451792.0000,1,04/01/14
1326,А,52302,31000.0000,2,04/01/14
1326,А,52501,551823.0000,2,04/01/14
1326,А,60323,957703.0000,1,04/01/14
1326,А,60412,4130.0000,1,04/01/14
1326,А,60701,5984478.0000,1,04/01/14
1326,А,60901,503228.0000,1,04/01/14
1326,А,70606,166442725.0000,1,04/01/14
1326,В,90901,24283254.0000,1,04/01/14
1326,В,91102,1649.0000,1,04/01/14
1326,В,91311,116593960.0000,2,04/01/14
1326,В,91317,654272509.0000,2,04/01/14
1326,В,91416,306564.0000,1,04/01/14
1326,В,91418,42412682.0000,1,04/01/14
1326,Г,93304,10795923.0000,1,04/01/14
1326,Г,93306,898575.0000,1,04/01/14
1326,Г,93307,14187192.0000,1,04/01/14
1326,Г,93309,33824054.0000,1,04/01/14
1326,Г,93706,0.0000,1,04/01/14
1326,Г,93901,153775529.0000,1,04/01/14
1326,Г,96303,10305337.0000,2,04/01/14
1326,Г,96304,10207459.0000,2,04/01/14
1326,Г,96305,23500804.0000,2,04/01/14
1326,Г,96307,12980179.0000,2,04/01/14
1326,Г,96501,50285.0000,2,04/01/14
1326,Г,96702,33308.0000,2,04/01/14
1326,Г,96707,488474.0000,2,04/01/14
1326,Д,98035,0.0000,1,04/01/14
2786,А,10601,188794.0000,2,04/01/14
2786,А,10602,224900.0000,2,04/01/14
2786,А,20208,222591.0000,1,04/01/14
2786,А,30602,4.0000,1,04/01/14
2786,А,40603,40859.0000,2,04/01/14
2786,А,40909,0.0000,2,04/01/14
2786,А,42103,71400.0000,2,04/01/14
2786,А,42204,4461.0000,2,04/01/14
2786,А,45208,166552.0000,1,04/01/14
2786,А,45401,5985.0000,1,04/01/14
2786,А,45815,257393.0000,1,04/01/14
2786,А,47415,1413.0000,1,04/01/14
2786,А,47422,13443.0000,2,04/01/14
2786,А,47426,6470.0000,2,04/01/14
2786,А,60307,0.0000,2,04/01/14
2786,А,60311,2301.0000,2,04/01/14
2786,А,60324,7890.0000,2,04/01/14
2786,А,60404,13.0000,1,04/01/14
2786,А,60701,2396.0000,1,04/01/14
2786,А,61209,0.0000,1,04/01/14
2786,В,90909,14027.0000,1,04/01/14
2786,В,91315,21178.0000,2,04/01/14
2786,В,91418,253051.0000,1,04/01/14
2786,В,91507,103795.0000,2,04/01/14
2786,Д,98070,6075.0000,2,04/01/14
2249,А,10801,60416.0000,2,04/01/14
2249,А,20202,96126.0000,1,04/01/14
2249,А,30202,6350.0000,1,04/01/14
2249,А,40820,21.0000,2,04/01/14
2249,А,42302,1267.0000,2,04/01/14
2249,А,42310,0.0000,2,04/01/14
2249,А,42312,2.0000,2,04/01/14
2249,А,42314,58.0000,2,04/01/14
2249,А,43904,2.0000,2,04/01/14
2249,А,45215,7145.0000,2,04/01/14
2249,А,45505,6700.0000,1,04/01/14
2249,А,50104,8732.0000,1,04/01/14
2249,А,60310,0.0000,1,04/01/14
2249,А,61213,0.0000,1,04/01/14
2249,А,61403,1450.0000,1,04/01/14
2249,А,70602,847.0000,2,04/01/14
2249,А,70611,677.0000,1,04/01/14
2249,В,91202,2.0000,1,04/01/14
2249,В,91414,151558.0000,1,04/01/14
1720,А,10605,8135.0000,1,04/01/14
1720,А,20202,169382.0000,1,04/01/14
1720,А,30220,244.0000,2,04/01/14
1720,А,30233,499.0000,1,04/01/14
1720,А,32201,1174.0000,1,04/01/14
1720,А,40603,23.0000,2,04/01/14
1720,А,40817,83875.0000,2,04/01/14
1720,А,40820,53.0000,2,04/01/14
1720,А,40905,43.0000,2,04/01/14
1720,А,40909,0.0000,2,04/01/14
1720,А,42307,743824.0000,2,04/01/14
1720,А,42604,26.0000,2,04/01/14
1720,А,45401,407.0000,1,04/01/14
1720,А,45506,352869.0000,1,04/01/14
1720,А,47407,0.0000,2,04/01/14
1720,А,47802,8729.0000,1,04/01/14
1720,А,50208,10025.0000,1,04/01/14
1720,А,50220,6672.0000,2,04/01/14
1720,А,60204,72.0000,1,04/01/14
1720,А,60320,167.0000,2,04/01/14
1720,А,60404,773.0000,1,04/01/14
1720,А,61012,6000.0000,2,04/01/14
1720,А,70611,5418.0000,1,04/01/14
1720,В,91312,6568051.0000,2,04/01/14
1720,В,91317,253647.0000,2,04/01/14
101,А,10801,519681.0000,2,04/01/14
101,А,20209,395590.0000,1,04/01/14
101,А,30102,51048.0000,1,04/01/14
101,А,30126,27955.0000,2,04/01/14
101,А,30204,127326.0000,1,04/01/14
101,А,30210,4000.0000,1,04/01/14
101,А,30221,0.0000,1,04/01/14
101,А,31502,218671.0000,2,04/01/14
101,А,40807,1784626.0000,2,04/01/14
101,А,40820,15234.0000,2,04/01/14
101,А,42305,117644.0000,2,04/01/14
101,А,42606,792.0000,2,04/01/14
101,А,45509,5976.0000,1,04/01/14
101,А,45818,14438.0000,2,04/01/14
101,А,47407,0.0000,2,04/01/14
101,А,47427,14630.0000,1,04/01/14
101,А,50205,271631.0000,1,04/01/14
101,А,50206,135811.0000,1,04/01/14
101,А,60302,565.0000,1,04/01/14
101,А,60305,0.0000,2,04/01/14
101,А,60313,0.0000,2,04/01/14
101,А,60404,3000.0000,1,04/01/14
101,А,60408,9598.0000,1,04/01/14
101,В,91315,76289.0000,2,04/01/14
101,В,91604,4534.0000,1,04/01/14
101,Г,96301,0.0000,2,04/01/14
101,Г,96901,8144709.0000,2,04/01/14
101,Д,98010,407338296.0000,1,04/01/14
3298,А,30202,7251.0000,1,04/01/14
3298,А,30204,868.0000,1,04/01/14
3298,А,40817,2826.0000,2,04/01/14
3298,А,40912,0.0000,2,04/01/14
3298,А,42306,19470.0000,2,04/01/14
3298,А,42307,17861.0000,2,04/01/14
3298,А,45506,61828.0000,1,04/01/14
3298,А,45508,3.0000,1,04/01/14
3298,А,45809,7978.0000,1,04/01/14
3298,А,45812,18014.0000,1,04/01/14
3298,А,47411,3136.0000,2,04/01/14
3298,А,47416,0.0000,2,04/01/14
3298,А,47422,0.0000,2,04/01/14
3298,А,60302,91.0000,1,04/01/14
3298,А,60404,286.0000,1,04/01/14
3298,А,70608,6751.0000,1,04/01/14
3298,А,70701,0.0000,2,04/01/14
3298,В,91207,1.0000,1,04/01/14
3298,В,99999,1262127.0000,2,04/01/14
3166,А,30110,1178631.0000,1,04/01/14
3166,А,30226,2079.0000,2,04/01/14
3166,А,40702,2570510.0000,2,04/01/14
3166,А,47407,0.0000,2,04/01/14
3166,А,60314,2791.0000,1,04/01/14
3166,А,60323,96.0000,1,04/01/14
3166,А,61209,0.0000,1,04/01/14
3166,А,70601,1628050.0000,2,04/01/14
3166,А,70603,1264643.0000,2,04/01/14
3166,В,91203,3343.0000,1,04/01/14
3166,В,91502,178.0000,1,04/01/14
3166,В,99999,3716.0000,2,04/01/14
3166,Д,98010,743627.0000,1,04/01/14
3166,Д,98050,144761.0000,2,04/01/14
1281,А,10207,143000.0000,2,04/01/14
1281,А,10605,26621.0000,1,04/01/14
1281,А,30202,8894.0000,1,04/01/14
1281,А,40905,0.0000,2,04/01/14
1281,А,45206,134326.0000,1,04/01/14
1281,А,45407,135888.0000,1,04/01/14
1281,А,45506,31359.0000,1,04/01/14
1281,А,45914,72.0000,1,04/01/14
1281,А,47411,25478.0000,2,04/01/14
1281,А,47423,190.0000,1,04/01/14
1281,А,50221,0.0000,1,04/01/14
1281,А,60401,85859.0000,1,04/01/14
1281,В,91316,20878.0000,2,04/01/14
1281,В,91417,20000.0000,1,04/01/14
1281,В,91704,2179.0000,1,04/01/14
1281,Д,98070,89764.0000,2,04/01/14
2309,А,10601,428.0000,2,04/01/14
2309,А,30109,3532643.0000,2,04/01/14
2309,А,30221,6717.0000,1,04/01/14
2309,А,30302,3101528.0000,1,04/01/14
2309,А,32104,446089.0000,1,04/01/14
2309,А,32305,204528.0000,1,04/01/14
2309,А,45205,57334.0000,1,04/01/14
2309,А,45206,425000.0000,1,04/01/14
2309,А,47407,0.0000,2,04/01/14
2309,А,47422,1662.0000,2,04/01/14
2309,А,47423,2033.0000,1,04/01/14
2309,А,47426,4857.0000,2,04/01/14
2309,А,60302,3238.0000,1,04/01/14
2309,А,60306,0.0000,1,04/01/14
2309,А,60307,0.0000,2,04/01/14
2309,А,60323,4631.0000,1,04/01/14
2726,А,30104,67120.0000,1,04/01/14
2726,А,31901,352860.0000,1,04/01/14
2726,А,47422,778021.0000,2,04/01/14
2726,А,60311,11.0000,2,04/01/14
2726,А,60314,15144.0000,1,04/01/14
2726,А,61008,3643.0000,1,04/01/14
2726,А,61009,2022.0000,1,04/01/14
2726,А,70701,0.0000,2,04/01/14
2726,В,91507,72290.0000,2,04/01/14
103,А,30602,14.0000,1,04/01/14
103,А,40503,10.0000,2,04/01/14
103,А,40602,36607.0000,2,04/01/14
103,А,40814,287.0000,2,04/01/14
103,А,45206,652240.0000,1,04/01/14
103,А,45208,774622.0000,1,04/01/14
103,А,47405,0.0000,2,04/01/14
103,А,47408,0.0000,1,04/01/14
103,А,52301,0.0000,2,04/01/14
103,А,60314,933.0000,1,04/01/14
103,А,60401,106555.0000,1,04/01/14
103,А,61403,3964.0000,1,04/01/14
103,А,70708,0.0000,1,04/01/14
103,А,70801,464690.0000,2,04/01/14
103,В,91203,1.0000,1,04/01/14
103,В,91312,13543081.0000,2,04/01/14
103,В,91507,2231.0000,2,04/01/14
103,В,91604,106157.0000,1,04/01/14
103,В,91803,183.0000,1,04/01/14
103,Д,98010,250000.0000,1,04/01/14
1326,А,10207,59587623.0000,2,04/01/14
1326,А,10601,2417292.0000,2,04/01/14
1326,А,10801,42246109.0000,2,04/01/14
1326,А,20209,5092560.0000,1,04/01/14
1326,А,30111,976072.0000,2,04/01/14
1326,А,30126,5111.0000,2,04/01/14
1326,А,30202,6374255.0000,1,04/01/14
1326,А,30222,0.0000,2,04/01/14
1326,А,31302,28615391.0000,2,04/01/14
1326,А,31404,200000.0000,2,04/01/14
1326,А,31407,32052883.0000,2,04/01/14
1326,А,31408,5772900.0000,2,04/01/14
1326,А,31507,74896.0000,2,04/01/14
1326,А,32301,1436156.0000,1,04/01/14
1326,А,32502,0.0000,1,04/01/14
1326,А,40603,28330.0000,2,04/01/14
1326,А,40702,108870895.0000,2,04/01/14
1326,А,40821,395669.0000,2,04/01/14
1326,А,41203,6000000.0000,2,04/01/14
1326,А,41405,3000000.0000,2,04/01/14
1326,А,41604,12000.0000,2,04/01/14
1326,А,41605,885687.0000,2,04/01/14
1326,А,41705,105000.0000,2,04/01/14
1326,А,42303,118097.0000,2,04/01/14
1326,А,42306,49842960.0000,2,04/01/14
1326,А,42311,798.0000,2,04/01/14
1326,А,42502,2000.0000,2,04/01/14
1326,А,42503,364871.0000,2,04/01/14
1326,А,42603,13.0000,2,04/01/14
1326,А,42609,56.0000,2,04/01/14
1326,А,42610,8.0000,2,04/01/14
1326,А,43702,7491045.0000,2,04/01/14
1326,А,44006,10000000.0000,2,04/01/14
1326,А,44604,60000.0000,1,04/01/14
1326,А,45108,47592040.0000,1,04/01/14
1326,А,45206,117683443.0000,1,04/01/14
1326,А,45403,1125.0000,1,04/01/14
1326,А,45506,57813938.0000,1,04/01/14
1326,А,45508,47186784.0000,1,04/01/14
1326,А,45918,842146.0000,2,04/01/14
1326,А,47101,378106.0000,1,04/01/14
1326,А,47106,1404933.0000,1,04/01/14
1326,А,47301,21600005.0000,1,04/01/14
1326,А,47426,5668459.0000,2,04/01/14
1326,А,47804,1849843.0000,2,04/01/14
1326,А,50618,23922932.0000,1,04/01/14
1326,А,51503,145410.0000,1,04/01/14
1326,А,52307,3769526.0000,2,04/01/14
1326,А,52406,627022.0000,2,04/01/14
1326,А,52503,2375778.0000,1,04/01/14
1326,А,60104,428722.0000,1,04/01/14
1326,А,60301,1221773.0000,2,04/01/14
1326,А,60302,627065.0000,1,04/01/14
1326,А,60308,12507.0000,1,04/01/14
1326,А,61009,215574.0000,1,04/01/14
1326,А,61403,1872750.0000,1,04/01/14
1326,А,70601,167463645.0000,2,04/01/14
1326,А,70602,1048603.0000,2,04/01/14
1326,А,70604,58437.0000,2,04/01/14
1326,А,70607,728924.0000,1,04/01/14
1326,А,70614,146271.0000,1,04/01/14
1326,А,70801,29998029.0000,2,04/01/14
1326,В,90904,0.0000,1,04/01/14
1326,В,91314,33710464.0000,2,04/01/14
1326,В,91414,4222989887.0000,1,04/01/14
1326,В,91604,1877735.0000,1,04/01/14
1326,В,91704,123667.0000,1,04/01/14
1326,Г,93303,12724670.0000,1,04/01/14
1326,Г,93501,0.0000,1,04/01/14
1326,Г,93708,0.0000,1,04/01/14
1326,Г,94101,0.0000,1,04/01/14
1326,Г,96306,427769.0000,2,04/01/14
1326,Г,96308,25926304.0000,2,04/01/14
1326,Г,96309,35276634.0000,2,04/01/14
1326,Г,96502,3423365.0000,2,04/01/14
1326,Г,96708,0.0000,2,04/01/14
1326,Д,98000,921.0000,1,04/01/14
1326,Д,98030,0.0000,1,04/01/14
1326,Д,98090,12709213.0000,2,04/01/14
2786,А,30202,59612.0000,1,04/01/14
2786,А,30223,0.0000,2,04/01/14
2786,А,40502,11916.0000,2,04/01/14
2786,А,40906,7197.0000,2,04/01/14
2786,А,40910,0.0000,2,04/01/14
2786,А,42306,2127473.0000,2,04/01/14
2786,А,45509,96649.0000,1,04/01/14
2786,А,45914,291.0000,1,04/01/14
2786,А,47423,83687.0000,1,04/01/14
2786,А,47425,90396.0000,2,04/01/14
2786,А,60301,5085.0000,2,04/01/14
2786,А,60310,0.0000,1,04/01/14
2786,А,60405,10120.0000,2,04/01/14
2786,А,60603,1274.0000,2,04/01/14
2786,А,61301,0.0000,2,04/01/14
2786,В,91202,1.0000,1,04/01/14
2786,В,99998,4345934.0000,1,04/01/14
2786,Г,99997,14716.0000,2,04/01/14
2249,А,20309,111.0000,2,04/01/14
2249,А,30102,82778.0000,1,04/01/14
2249,А,30109,995.0000,2,04/01/14
2249,А,30301,42876.0000,2,04/01/14
2249,А,40912,0.0000,2,04/01/14
2249,А,42305,78543.0000,2,04/01/14
2249,А,42306,81406.0000,2,04/01/14
2249,А,42311,8.0000,2,04/01/14
2249,А,45206,219189.0000,1,04/01/14
2249,А,45406,3170.0000,1,04/01/14
2249,А,45407,13767.0000,1,04/01/14
2249,А,45506,16062.0000,1,04/01/14
2249,А,45515,9865.0000,2,04/01/14
2249,А,45818,17163.0000,2,04/01/14
2249,А,47408,0.0000,1,04/01/14
2249,А,47426,512.0000,2,04/01/14
2249,А,50120,1048.0000,2,04/01/14
2249,А,60324,310.0000,2,04/01/14
2249,А,60601,3543.0000,2,04/01/14
2249,А,61210,0.0000,1,04/01/14
2249,А,61301,0.0000,2,04/01/14
2249,А,70608,72117.0000,1,04/01/14
2249,В,91315,44021.0000,2,04/01/14
2249,Г,94001,35443.0000,1,04/01/14
2249,Г,99997,71048.0000,2,04/01/14
1720,А,20208,36499.0000,1,04/01/14
1720,А,30110,72140.0000,1,04/01/14
1720,А,30204,1798.0000,1,04/01/14
1720,А,31901,370000.0000,1,04/01/14
1720,А,40502,9718.0000,2,04/01/14
1720,А,40702,935531.0000,2,04/01/14
1720,А,42305,311311.0000,2,04/01/14
1720,А,45406,16036.0000,1,04/01/14
1720,А,47404,0.0000,1,04/01/14
1720,А,60305,0.0000,2,04/01/14
1720,А,60311,0.0000,2,04/01/14
1720,А,60312,92606.0000,1,04/01/14
1720,А,60322,32.0000,2,04/01/14
1720,А,60903,15.0000,2,04/01/14
1720,А,61403,1861.0000,1,04/01/14
1720,А,70606,454909.0000,1,04/01/14
1720,В,91316,24819.0000,2,04/01/14
1720,В,91418,8748.0000,1,04/01/14
1720,В,91704,2860.0000,1,04/01/14
1720,Д,98010,3542879.0000,1,04/01/14
1720,Д,98070,13.0000,2,04/01/14
101,А,30413,21.0000,1,04/01/14
101,А,31302,0.0000,2,04/01/14
101,А,31303,0.0000,2,04/01/14
101,А,32202,2046003.0000,1,04/01/14
101,А,42005,302000.0000,2,04/01/14
101,А,42006,17300.0000,2,04/01/14
101,А,42312,35.0000,2,04/01/14
101,А,42313,91.0000,2,04/01/14
101,А,42613,14.0000,2,04/01/14
101,А,47108,25198.0000,2,04/01/14
101,А,47403,0.0000,2,04/01/14
101,А,47405,1953689.0000,2,04/01/14
101,А,47411,6736.0000,2,04/01/14
101,А,50621,486.0000,1,04/01/14
101,А,60301,0.0000,2,04/01/14
101,А,60306,8316.0000,1,04/01/14
101,А,60405,6060.0000,2,04/01/14
101,А,61002,2.0000,1,04/01/14
101,В,90701,1.0000,1,04/01/14
101,В,91312,378623.0000,2,04/01/14
101,В,99998,2979775.0000,1,04/01/14
101,Г,93506,0.0000,1,04/01/14
101,Г,94101,0.0000,1,04/01/14
101,Г,97102,0.0000,2,04/01/14
