"REGN,N,4,0","CODE,C,5","ITOGO,N,16,0"
101,01000,140322
101,02000,0
101,10000,7508942
101,10001,2304399
101,10002,5204146
101,10003,397
101,11000,442682
101,11100,49961
101,11101,0
101,11102,0
101,11103,0
101,11104,0
101,11105,0
101,11106,0
101,11107,0
101,11108,0
101,11109,0
101,11110,0
101,11111,0
101,11112,19189
101,11113,0
101,11114,0
101,11115,5589
101,11116,0
101,11117,0
101,11118,25183
101,11119,0
101,11200,27681
101,11201,0
101,11202,0
101,11203,0
101,11204,0
101,11205,0
101,11206,0
101,11207,0
101,11208,0
101,11209,0
101,11210,0
101,11211,8637
101,11212,0
101,11213,0
101,11214,3316
101,11215,15728
101,11216,0
101,11217,0
101,11300,123
101,11301,0
101,11302,123
101,11303,0
101,11400,42197
101,11401,42197
101,11402,0
101,11403,0
101,11500,322720
101,11501,808
101,11502,27351
101,11503,0
101,11504,95359
101,11505,70485
101,11506,5275
101,11507,448
101,11508,122994
101,11600,0
101,11601,0
101,11602,0
101,11603,0
101,11604,0
101,11605,0
101,11606,0
101,11607,0
101,11608,0
101,12000,1861717
101,12100,29182
101,12101,18004
101,12102,11178
101,12200,1832535
101,12201,1832535
101,12300,0
101,12301,0
101,12400,0
101,12401,0
101,12402,0
101,12403,0
101,12404,0
101,12405,0
101,12406,0
101,13000,1315176
101,13100,1315176
101,13101,9923
101,13102,147062
101,13103,0
101,13104,174055
101,13105,739827
101,13106,32959
101,13107,574
101,13108,210776
101,13200,0
101,13201,0
101,14000,28
101,14100,28
101,14101,28
101,14102,0
101,14103,0
101,14104,0
101,14200,0
101,14201,0
101,14202,0
101,14203,0
101,14204,0
101,14300,0
101,14301,0
101,14302,0
101,14303,0
101,14304,0
101,14400,0
101,14401,0
101,14402,0
101,14403,0
101,14404,0
101,15000,2605847
101,15100,2605847
101,15101,41722
101,15102,2564125
101,15103,0
101,15200,0
101,15201,0
101,15202,0
101,15203,0
101,15204,0
101,16000,1283095
101,16100,143172
101,16101,0
101,16102,0
101,16103,143172
101,16104,0
101,16105,0
101,16200,24
101,16201,0
101,16202,0
101,16203,24
101,16300,1139899
101,16301,8198
101,16302,0
101,16303,0
101,16304,0
101,16305,1130711
101,16306,990
101,17000,397
101,17100,30
101,17101,30
101,17102,0
101,17103,0
101,17200,99
101,17201,59
101,17202,36
101,17203,4
101,17300,268
101,17301,0
101,17302,0
101,17303,239
101,17304,0
101,17305,0
101,17306,29
101,17307,0
101,20000,7438444
101,20001,1906390
101,20002,5459691
101,20003,2539
101,20100,7368620
101,21000,139181
101,21100,1621
101,21101,54
101,21102,1567
101,21103,0
101,21104,0
101,21200,86062
101,21201,0
101,21202,0
101,21203,0
101,21204,0
101,21205,0
101,21206,0
101,21207,86062
101,21208,0
101,21209,0
101,21210,0
101,21211,0
101,21212,0
101,21213,0
101,21214,0
101,21300,17875
101,21301,0
101,21302,0
101,21303,0
101,21304,0
101,21305,0
101,21306,0
101,21307,0
101,21308,0
101,21309,0
101,21310,0
101,21311,17873
101,21312,2
101,21313,0
101,21314,0
101,21315,0
101,21316,0
101,21317,0
101,21400,25077
101,21401,0
101,21402,0
101,21403,0
101,21404,0
101,21405,0
101,21406,0
101,21407,0
101,21408,0
101,21409,0
101,21410,0
101,21411,579
101,21412,0
101,21413,0
101,21414,3783
101,21415,12865
101,21416,0
101,21417,7850
101,21500,0
101,21501,0
101,21502,0
101,21600,8546
101,21601,8546
101,21602,0
101,21700,0
101,21701,0
101,21702,0
101,21800,0
101,21801,0
101,21802,0
101,21803,0
101,21804,0
101,22000,1767209
101,22100,1767209
101,22101,1767209
101,22200,0
101,22201,0
101,22202,0
101,22203,0
101,23000,1251024
101,23100,1251024
101,23101,16712
101,23102,151204
101,23103,0
101,23104,169802
101,23105,729863
101,23106,3339
101,23107,445
101,23108,179659
101,23109,0
101,23200,0
101,23201,0
101,24000,2695305
101,24100,2695305
101,24101,100136
101,24102,2595169
101,24103,0
101,24200,0
101,24201,0
101,24202,0
101,24203,0
101,24204,0
101,25000,1238664
101,25100,77992
101,25101,0
101,25102,0
101,25103,77969
101,25104,23
101,25105,0
101,25200,23267
101,25201,0
101,25202,937
101,25203,9210
101,25204,0
101,25205,11840
101,25206,1280
101,25300,1137405
101,25301,0
101,25302,1136570
101,25303,835
101,26000,274698
101,26100,152542
101,26101,125710
101,26102,25845
101,26103,0
101,26104,987
101,26200,27619
101,26201,27619
101,26202,0
101,26203,0
101,26300,42601
101,26301,3590
101,26302,2772
101,26303,11976
101,26304,18776
101,26305,5487
101,26306,0
101,26307,0
101,26400,51936
101,26401,199
101,26402,1694
101,26403,6163
101,26404,207
101,26405,0
101,26406,20141
101,26407,0
101,26408,595
101,26409,54
101,26410,966
101,26411,17601
101,26412,4316
101,27000,2539
101,27100,76
101,27101,0
101,27102,2
101,27103,74
101,27200,1468
101,27201,0
101,27202,34
101,27203,1434
101,27300,995
101,27301,0
101,27302,0
101,27303,0
101,27304,0
101,27305,0
101,27306,0
101,27307,0
101,27308,995
101,27309,0
101,28000,69824
101,28101,69824
101,31001,70498
101,31002,0
101,32001,0
101,32002,0
101,32101,0
101,33001,70498
101,33002,0
103,01000,222949
103,02000,0
103,10000,6169850
103,10001,770110
103,10002,5399250
103,10003,490
103,11000,600077
103,11100,417130
103,11101,0
103,11102,0
103,11103,0
103,11104,0
103,11105,0
103,11106,0
103,11107,0
103,11108,0
103,11109,3730
103,11110,0
103,11111,0
103,11112,228519
103,11113,0
103,11114,0
103,11115,166699
103,11116,0
103,11117,621
103,11118,17561
103,11119,0
103,11200,0
103,11201,0
103,11202,0
103,11203,0
103,11204,0
103,11205,0
103,11206,0
103,11207,0
103,11208,0
103,11209,0
103,11210,0
103,11211,0
103,11212,0
103,11213,0
103,11214,0
103,11215,0
103,11216,0
103,11217,0
103,11300,13438
103,11301,0
103,11302,0
103,11303,13438
103,11400,0
103,11401,0
103,11402,0
103,11403,0
103,11500,21536
103,11501,13081
103,11502,0
103,11503,0
103,11504,8455
103,11505,0
103,11506,0
103,11507,0
103,11508,0
103,11600,147973
103,11601,0
103,11602,0
103,11603,147973
103,11604,0
103,11605,0
103,11606,0
103,11607,0
103,11608,0
103,12000,170033
103,12100,36501
103,12101,424
103,12102,36077
103,12200,115208
103,12201,115208
103,12300,17162
103,12301,17162
103,12400,1162
103,12401,0
103,12402,0
103,12403,0
103,12404,1162
103,12405,0
103,12406,0
103,13000,20839
103,13100,20839
103,13101,887
103,13102,0
103,13103,0
103,13104,18745
103,13105,1207
103,13106,0
103,13107,0
103,13108,0
103,13200,0
103,13201,0
103,14000,524
103,14100,524
103,14101,0
103,14102,524
103,14103,0
103,14104,0
103,14200,0
103,14201,0
103,14202,0
103,14203,0
103,14204,0
103,14300,0
103,14301,0
103,14302,0
103,14303,0
103,14304,0
103,14400,0
103,14401,0
103,14402,0
103,14403,0
103,14404,0
103,15000,5135802
103,15100,5135784
103,15101,0
103,15102,5135784
103,15103,0
103,15200,18
103,15201,0
103,15202,18
103,15203,0
103,15204,0
103,16000,242085
103,16100,0
103,16101,0
103,16102,0
103,16103,0
103,16104,0
103,16105,0
103,16200,23548
103,16201,0
103,16202,0
103,16203,23548
103,16300,218537
103,16301,0
103,16302,326
103,16303,0
103,16304,0
103,16305,218211
103,16306,0
103,17000,490
103,17100,0
103,17101,0
103,17102,0
103,17103,0
103,17200,0
103,17201,0
103,17202,0
103,17203,0
103,17300,490
103,17301,0
103,17302,80
103,17303,0
103,17304,0
103,17305,87
103,17306,323
103,17307,0
103,20000,6014839
103,20001,168302
103,20002,5776303
103,20003,2296
103,20100,5946901
103,21000,87542
103,21100,508
103,21101,0
103,21102,508
103,21103,0
103,21104,0
103,21200,0
103,21201,0
103,21202,0
103,21203,0
103,21204,0
103,21205,0
103,21206,0
103,21207,0
103,21208,0
103,21209,0
103,21210,0
103,21211,0
103,21212,0
103,21213,0
103,21214,0
103,21300,0
103,21301,0
103,21302,0
103,21303,0
103,21304,0
103,21305,0
103,21306,0
103,21307,0
103,21308,0
103,21309,0
103,21310,0
103,21311,0
103,21312,0
103,21313,0
103,21314,0
103,21315,0
103,21316,0
103,21317,0
103,21400,0
103,21401,0
103,21402,0
103,21403,0
103,21404,0
103,21405,0
103,21406,0
103,21407,0
103,21408,0
103,21409,0
103,21410,0
103,21411,0
103,21412,0
103,21413,0
103,21414,0
103,21415,0
103,21416,0
103,21417,0
103,21500,0
103,21501,0
103,21502,0
103,21600,74016
103,21601,72893
103,21602,1123
103,21700,0
103,21701,0
103,21702,0
103,21800,13018
103,21801,0
103,21802,0
103,21803,0
103,21804,13018
103,22000,80760
103,22100,80760
103,22101,80760
103,22200,0
103,22201,0
103,22202,0
103,22203,0
103,23000,3612
103,23100,3612
103,23101,224
103,23102,0
103,23103,0
103,23104,2691
103,23105,697
103,23106,0
103,23107,0
103,23108,0
103,23109,0
103,23200,0
103,23201,0
103,24000,5135782
103,24100,5135767
103,24101,351
103,24102,5135416
103,24103,0
103,24200,15
103,24201,0
103,24202,15
103,24203,0
103,24204,0
103,25000,407362
103,25100,0
103,25101,0
103,25102,0
103,25103,0
103,25104,0
103,25105,0
103,25200,2237
103,25201,0
103,25202,440
103,25203,1777
103,25204,0
103,25205,0
103,25206,20
103,25300,405125
103,25301,0
103,25302,404431
103,25303,694
103,26000,229547
103,26100,140265
103,26101,124688
103,26102,15577
103,26103,0
103,26104,0
103,26200,7657
103,26201,7657
103,26202,0
103,26203,0
103,26300,42125
103,26301,3614
103,26302,3924
103,26303,30403
103,26304,1282
103,26305,2804
103,26306,0
103,26307,98
103,26400,39500
103,26401,135
103,26402,126
103,26403,8534
103,26404,2090
103,26405,3095
103,26406,4971
103,26407,0
103,26408,784
103,26409,21
103,26410,5310
103,26411,11541
103,26412,2893
103,27000,2296
103,27100,18
103,27101,0
103,27102,0
103,27103,18
103,27200,0
103,27201,0
103,27202,0
103,27203,0
103,27300,2278
103,27301,65
103,27302,0
103,27303,0
103,27304,0
103,27305,279
103,27306,0
103,27307,0
103,27308,1934
103,27309,0
103,28000,67938
103,28101,67938
103,31001,155011
103,31002,0
103,32001,0
103,32002,0
103,32101,0
103,33001,155011
103,33002,0
212,01000,176407
212,02000,0
212,10000,2930187
212,10001,1193821
212,10002,1735018
212,10003,1348
212,11000,931043
212,11100,844076
212,11101,0
212,11102,920
212,11103,0
212,11104,0
212,11105,0
212,11106,0
212,11107,0
212,11108,0
212,11109,89
212,11110,0
212,11111,0
212,11112,669975
212,11113,704
212,11114,114743
212,11115,54252
212,11116,0
212,11117,0
212,11118,3393
212,11119,0
212,11200,0
212,11201,0
212,11202,0
212,11203,0
212,11204,0
212,11205,0
212,11206,0
212,11207,0
212,11208,0
212,11209,0
212,11210,0
212,11211,0
212,11212,0
212,11213,0
212,11214,0
212,11215,0
212,11216,0
212,11217,0
212,11300,1092
212,11301,0
212,11302,0
212,11303,1092
212,11400,31859
212,11401,31859
212,11402,0
212,11403,0
212,11500,43639
212,11501,29440
212,11502,0
212,11503,4422
212,11504,0
212,11505,2072
212,11506,0
212,11507,1413
212,11508,6292
212,11600,10377
212,11601,0
212,11602,0
212,11603,10377
212,11604,0
212,11605,0
212,11606,0
212,11607,0
212,11608,0
212,12000,262778
212,12100,203444
212,12101,35381
212,12102,168063
212,12200,48899
212,12201,48899
212,12300,8913
212,12301,8913
212,12400,1522
212,12401,0
212,12402,0
212,12403,152
212,12404,1370
212,12405,0
212,12406,0
212,13000,4
212,13100,4
212,13101,0
212,13102,0
212,13103,0
212,13104,4
212,13105,0
212,13106,0
212,13107,0
212,13108,0
212,13200,0
212,13201,0
212,14000,0
212,14100,0
212,14101,0
212,14102,0
212,14103,0
212,14104,0
212,14200,0
212,14201,0
212,14202,0
212,14203,0
212,14204,0
212,14300,0
212,14301,0
212,14302,0
212,14303,0
212,14304,0
212,14400,0
212,14401,0
212,14402,0
212,14403,0
212,14404,0
212,15000,541772
212,15100,541771
212,15101,6085
212,15102,530747
212,15103,4939
212,15200,1
212,15201,0
212,15202,1
212,15203,0
212,15204,0
212,16000,1193242
212,16100,0
212,16101,0
212,16102,0
212,16103,0
212,16104,0
212,16105,0
212,16200,14332
212,16201,0
212,16202,0
212,16203,14332
212,16300,1178910
212,16301,5982
212,16302,133
212,16303,0
212,16304,0
212,16305,1165909
212,16306,6886
212,17000,1348
212,17100,31
212,17101,1
212,17102,30
212,17103,0
212,17200,1264
212,17201,1253
212,17202,0
212,17203,11
212,17300,53
212,17301,0
212,17302,42
212,17303,0
212,17304,6
212,17305,5
212,17306,0
212,17307,0
212,20000,2785348
212,20001,436389
212,20002,2312898
212,20003,4493
212,20100,2753780
212,21000,418384
212,21100,0
212,21101,0
212,21102,0
212,21103,0
212,21104,0
212,21200,173
212,21201,0
212,21202,0
212,21203,0
212,21204,0
212,21205,0
212,21206,0
212,21207,0
212,21208,173
212,21209,0
212,21210,0
212,21211,0
212,21212,0
212,21213,0
212,21214,0
212,21300,8241
212,21301,0
212,21302,0
212,21303,0
212,21304,0
212,21305,0
212,21306,221
212,21307,0
212,21308,0
212,21309,0
212,21310,0
212,21311,0
212,21312,7294
212,21313,726
212,21314,0
212,21315,0
212,21316,0
212,21317,0
212,21400,0
212,21401,0
212,21402,0
212,21403,0
212,21404,0
212,21405,0
212,21406,0
212,21407,0
212,21408,0
212,21409,0
212,21410,0
212,21411,0
212,21412,0
212,21413,0
212,21414,0
212,21415,0
212,21416,0
212,21417,0
212,21500,0
212,21501,0
212,21502,0
212,21600,409360
212,21601,408468
212,21602,892
212,21700,0
212,21701,0
212,21702,0
212,21800,610
212,21801,0
212,21802,0
212,21803,0
212,21804,610
212,22000,18005
212,22100,17212
212,22101,17212
212,22200,793
212,22201,0
212,22202,0
212,22203,793
212,23000,16723
212,23100,16723
212,23101,13522
212,23102,0
212,23103,0
212,23104,87
212,23105,943
212,23106,0
212,23107,0
212,23108,2171
212,23109,0
212,23200,0
212,23201,0
212,24000,539819
212,24100,539819
212,24101,4308
212,24102,531377
212,24103,4134
212,24200,0
212,24201,0
212,24202,0
212,24203,0
212,24204,0
212,25000,1286040
212,25100,0
212,25101,0
212,25102,0
212,25103,0
212,25104,0
212,25105,0
212,25200,11918
212,25201,53
212,25202,9480
212,25203,1979
212,25204,0
212,25205,316
212,25206,90
212,25300,1274122
212,25301,0
212,25302,1274122
212,25303,0
212,26000,470316
212,26100,224272
212,26101,152115
212,26102,43850
212,26103,0
212,26104,28307
212,26200,14481
212,26201,14479
212,26202,0
212,26203,2
212,26300,163077
212,26301,7200
212,26302,16544
212,26303,95265
212,26304,2621
212,26305,3490
212,26306,0
212,26307,37957
212,26400,68486
212,26401,799
212,26402,268
212,26403,24131
212,26404,2873
212,26405,716
212,26406,4734
212,26407,0
212,26408,595
212,26409,71
212,26410,16599
212,26411,12916
212,26412,4784
212,27000,4493
212,27100,56
212,27101,0
212,27102,55
212,27103,1
212,27200,0
212,27201,0
212,27202,0
212,27203,0
212,27300,4437
212,27301,0
212,27302,0
212,27303,8
212,27304,0
212,27305,1666
212,27306,2012
212,27307,0
212,27308,751
212,27309,0
212,28000,31568
212,28101,31568
212,31001,144839
212,31002,0
212,32001,0
212,32002,0
212,32101,0
212,33001,144839
212,33002,0
474,01000,20803
474,02000,0
474,10000,785463
474,10001,376598
474,10002,398495
474,10003,10370
474,11000,277740
474,11100,270848
474,11112,137164
474,11114,9105
474,11115,118682
474,11118,5897
474,11200,1
474,11215,1
474,11300,37
474,11302,37
474,11400,1930
474,11401,1930
474,11500,3974
474,11501,3974
474,11600,950
474,11603,950
474,12000,98858
474,12100,78618
474,12101,9092
474,12102,69526
474,12200,19369
474,12201,19369
474,12300,235
474,12301,235
474,12400,636
474,12403,435
474,12404,201
474,13000,32
474,13100,28
474,13101,28
474,13200,4
474,13201,4
474,15000,66839
474,15100,66563
474,15101,242
474,15102,59887
474,15103,6434
474,15200,276
474,15204,276
474,16000,331624
474,16200,16755
474,16201,4675
474,16203,12080
474,16300,314869
474,16301,633
474,16302,228
474,16305,312928
474,16306,1080
474,17000,10370
474,17100,4688
474,17101,4674
474,17102,4
474,17103,10
474,17200,657
474,17201,651
474,17202,6
474,17300,5025
474,17302,30
474,17304,4
474,17305,275
474,17306,4716
474,17307,4558
474,20000,774161
474,20001,125605
474,20002,623790
474,20003,15265
474,20100,764660
474,21000,120892
474,21100,53
474,21102,53
474,21200,273
474,21206,5
474,21208,234
474,21209,7
474,21212,27
474,21300,16529
474,21309,5168
474,21310,473
474,21312,9951
474,21313,937
474,21400,4061
474,21412,4061
474,21600,99969
474,21601,99936
474,21602,33
474,21700,7
474,21701,7
474,22000,4713
474,22100,4524
474,22101,4524
474,22200,189
474,22203,189
474,23000,184
474,23100,184
474,23101,184
474,24000,69340
474,24100,69218
474,24101,1551
474,24102,60254
474,24103,7413
474,24200,122
474,24204,122
474,25000,356289
474,25200,16446
474,25201,315
474,25202,4662
474,25203,48
474,25205,9011
474,25206,2410
474,25300,339843
474,25302,339630
474,25303,213
474,26000,197977
474,26100,113048
474,26101,86200
474,26102,26554
474,26104,294
474,26200,10470
474,26201,10465
474,26203,5
474,26300,31695
474,26301,3354
474,26302,5348
474,26303,10161
474,26304,2400
474,26305,10354
474,26307,78
474,26400,42764
474,26401,466
474,26402,1345
474,26403,7761
474,26404,6637
474,26405,92
474,26406,4254
474,26407,1
474,26408,350
474,26409,91
474,26410,4503
474,26411,5351
474,26412,11913
474,27000,15265
474,27100,307
474,27103,307
474,27200,4635
474,27201,4565
474,27202,52
474,27203,18
474,27300,10323
474,27301,18
474,27303,1
474,27304,15
474,27305,60
474,27306,981
474,27308,9248
474,27309,7469
474,28000,9501
474,28101,9501
474,31001,11302
474,31002,0
474,33001,11302
474,33002,0
558,01000,595234
558,02000,0
558,10000,6408709
558,10001,2441021
558,10002,3153011
558,10003,814677
558,11000,1685852
558,11100,1683209
558,11101,0
558,11102,0
558,11103,0
558,11104,0
558,11105,0
558,11106,0
558,11107,0
558,11108,0
558,11109,0
558,11110,0
558,11111,623
558,11112,312669
558,11113,685
558,11114,0
558,11115,1369227
558,11116,0
558,11117,5
558,11118,0
558,11119,0
558,11200,0
558,11201,0
558,11202,0
558,11203,0
558,11204,0
558,11205,0
558,11206,0
558,11207,0
558,11208,0
558,11209,0
558,11210,0
558,11211,0
558,11212,0
558,11213,0
558,11214,0
558,11215,0
558,11216,0
558,11217,0
558,11300,2643
558,11301,0
558,11302,195
558,11303,2448
558,11400,0
558,11401,0
558,11402,0
558,11403,0
558,11500,0
558,11501,0
558,11502,0
558,11503,0
558,11504,0
558,11505,0
558,11506,0
558,11507,0
558,11508,0
558,11600,0
558,11601,0
558,11602,0
558,11603,0
558,11604,0
558,11605,0
558,11606,0
558,11607,0
558,11608,0
558,12000,755169
558,12100,71600
558,12101,759
558,12102,70841
558,12200,647308
558,12201,647308
558,12300,5688
558,12301,5688
558,12400,30573
558,12401,30054
558,12402,0
558,12403,0
558,12404,519
558,12405,0
558,12406,0
558,13000,711
558,13100,711
558,13101,0
558,13102,0
558,13103,0
558,13104,711
558,13105,0
558,13106,0
558,13107,0
558,13108,0
558,13200,0
558,13201,0
558,14000,0
558,14100,0
558,14101,0
558,14102,0
558,14103,0
558,14104,0
558,14200,0
558,14201,0
558,14202,0
558,14203,0
558,14204,0
558,14300,0
558,14301,0
558,14302,0
558,14303,0
558,14304,0
558,14400,0
558,14401,0
558,14402,0
558,14403,0
558,14404,0
558,15000,1687109
558,15100,1687109
558,15101,0
558,15102,1687109
558,15103,0
558,15200,0
558,15201,0
558,15202,0
558,15203,0
558,15204,0
558,16000,1465191
558,16100,0
558,16101,0
558,16102,0
558,16103,0
558,16104,0
558,16105,0
558,16200,341618
558,16201,4724
558,16202,0
558,16203,336894
558,16300,1123573
558,16301,3286
558,16302,587
558,16303,0
558,16304,0
558,16305,955031
558,16306,164669
558,17000,814677
558,17100,75713
558,17101,74967
558,17102,746
558,17103,0
558,17200,1320
558,17201,1320
558,17202,0
558,17203,0
558,17300,737644
558,17301,496829
558,17302,34
558,17303,0
558,17304,2
558,17305,794
558,17306,239985
558,17307,0
558,20000,5813475
558,20001,1264680
558,20002,4542783
558,20003,6012
558,20100,5813475
558,21000,755118
558,21100,162
558,21101,0
558,21102,162
558,21103,0
558,21104,0
558,21200,6944
558,21201,0
558,21202,0
558,21203,0
558,21204,0
558,21205,0
558,21206,0
558,21207,750
558,21208,6190
558,21209,0
558,21210,0
558,21211,0
558,21212,4
558,21213,0
558,21214,0
558,21300,146391
558,21301,0
558,21302,0
558,21303,0
558,21304,0
558,21305,0
558,21306,0
558,21307,0
558,21308,0
558,21309,0
558,21310,0
558,21311,1709
558,21312,108005
558,21313,36677
558,21314,0
558,21315,0
558,21316,0
558,21317,0
558,21400,0
558,21401,0
558,21402,0
558,21403,0
558,21404,0
558,21405,0
558,21406,0
558,21407,0
558,21408,0
558,21409,0
558,21410,0
558,21411,0
558,21412,0
558,21413,0
558,21414,0
558,21415,0
558,21416,0
558,21417,0
558,21500,117
558,21501,117
558,21502,0
558,21600,590963
558,21601,581289
558,21602,9674
558,21700,0
558,21701,0
558,21702,0
558,21800,10541
558,21801,0
558,21802,0
558,21803,0
558,21804,10541
558,22000,509562
558,22100,509556
558,22101,509556
558,22200,6
558,22201,6
558,22202,0
558,22203,0
558,23000,14
558,23100,14
558,23101,0
558,23102,0
558,23103,0
558,23104,14
558,23105,0
558,23106,0
558,23107,0
558,23108,0
558,23109,0
558,23200,0
558,23201,0
558,24000,1814920
558,24100,1814920
558,24101,0
558,24102,1814920
558,24103,0
558,24200,0
558,24201,0
558,24202,0
558,24203,0
558,24204,0
558,25000,1791869
558,25100,0
558,25101,0
558,25102,0
558,25103,0
558,25104,0
558,25105,0
558,25200,36242
558,25201,0
558,25202,7162
558,25203,11562
558,25204,0
558,25205,17503
558,25206,15
558,25300,1755627
558,25301,0
558,25302,1590822
558,25303,164805
558,26000,935980
558,26100,431973
558,26101,336501
558,26102,94315
558,26103,0
558,26104,1157
558,26200,30821
558,26201,30812
558,26202,0
558,26203,9
558,26300,280289
558,26301,22625
558,26302,14211
558,26303,192675
558,26304,25852
558,26305,24483
558,26306,0
558,26307,443
558,26400,192897
558,26401,266
558,26402,3340
558,26403,31773
558,26404,60861
558,26405,1241
558,26406,22503
558,26407,0
558,26408,880
558,26409,0
558,26410,26261
558,26411,41107
558,26412,4665
558,27000,6012
558,27100,625
558,27101,0
558,27102,0
558,27103,625
558,27200,387
558,27201,0
558,27202,0
558,27203,387
558,27300,5000
558,27301,2
558,27302,0
558,27303,0
558,27304,12
558,27305,280
558,27306,291
558,27307,0
558,27308,4415
558,27309,0
558,28000,0
558,28101,0
558,31001,595234
558,31002,0
558,32001,0
558,32002,0
558,32101,0
558,33001,595234
558,33002,0
1281,01000,26328
1281,02000,0
1281,10000,110591
1281,10001,88951
1281,10002,21561
1281,10003,79
1281,11000,77055
1281,11100,75105
1281,11101,0
1281,11102,0
1281,11103,0
1281,11104,0
1281,11105,0
1281,11106,0
1281,11107,0
1281,11108,0
1281,11109,0
1281,11110,0
1281,11111,0
1281,11112,40706
1281,11113,108
1281,11114,27467
1281,11115,3253
1281,11116,0
1281,11117,0
1281,11118,3571
1281,11119,0
1281,11200,0
1281,11201,0
1281,11202,0
1281,11203,0
1281,11204,0
1281,11205,0
1281,11206,0
1281,11207,0
1281,11208,0
1281,11209,0
1281,11210,0
1281,11211,0
1281,11212,0
1281,11213,0
1281,11214,0
1281,11215,0
1281,11216,0
1281,11217,0
1281,11300,0
1281,11301,0
1281,11302,0
1281,11303,0
1281,11400,0
1281,11401,0
1281,11402,0
1281,11403,0
1281,11500,1776
1281,11501,1776
1281,11502,0
1281,11503,0
1281,11504,0
1281,11505,0
1281,11506,0
1281,11507,0
1281,11508,0
1281,11600,174
1281,11601,0
1281,11602,0
1281,11603,174
1281,11604,0
1281,11605,0
1281,11606,0
1281,11607,0
1281,11608,0
1281,12000,11896
1281,12100,9735
1281,12101,2865
1281,12102,6870
1281,12200,152
1281,12201,152
1281,12300,4
1281,12301,4
1281,12400,2005
1281,12401,2005
1281,12402,0
1281,12403,0
1281,12404,0
1281,12405,0
1281,12406,0
1281,13000,0
1281,13100,0
1281,13101,0
1281,13102,0
1281,13103,0
1281,13104,0
1281,13105,0
1281,13106,0
1281,13107,0
1281,13108,0
1281,13200,0
1281,13201,0
1281,14000,0
1281,14100,0
1281,14101,0
1281,14102,0
1281,14103,0
1281,14104,0
1281,14200,0
1281,14201,0
1281,14202,0
1281,14203,0
1281,14204,0
1281,14300,0
1281,14301,0
1281,14302,0
1281,14303,0
1281,14304,0
1281,14400,0
1281,14401,0
1281,14402,0
1281,14403,0
1281,14404,0
1281,15000,674
1281,15100,674
1281,15101,0
1281,15102,674
1281,15103,0
1281,15200,0
1281,15201,0
1281,15202,0
1281,15203,0
1281,15204,0
1281,16000,20887
1281,16100,0
1281,16101,0
1281,16102,0
1281,16103,0
1281,16104,0
1281,16105,0
1281,16200,199
1281,16201,30
1281,16202,0
1281,16203,169
1281,16300,20688
1281,16301,0
1281,16302,0
1281,16303,0
1281,16304,0
1281,16305,20446
1281,16306,242
1281,17000,79
1281,17100,75
1281,17101,75
1281,17102,0
1281,17103,0
1281,17200,4
1281,17201,4
1281,17202,0
1281,17203,0
1281,17300,0
1281,17301,0
1281,17302,0
1281,17303,0
1281,17304,0
1281,17305,0
1281,17306,0
1281,17307,0
1281,20000,90682
1281,20001,27519
1281,20002,47972
1281,20003,8772
1281,20100,84263
1281,21000,27496
1281,21100,0
1281,21101,0
1281,21102,0
1281,21103,0
1281,21104,0
1281,21200,0
1281,21201,0
1281,21202,0
1281,21203,0
1281,21204,0
1281,21205,0
1281,21206,0
1281,21207,0
1281,21208,0
1281,21209,0
1281,21210,0
1281,21211,0
1281,21212,0
1281,21213,0
1281,21214,0
1281,21300,2601
1281,21301,0
1281,21302,0
1281,21303,0
1281,21304,0
1281,21305,0
1281,21306,0
1281,21307,0
1281,21308,0
1281,21309,0
1281,21310,0
1281,21311,0
1281,21312,2508
1281,21313,93
1281,21314,0
1281,21315,0
1281,21316,0
1281,21317,0
1281,21400,0
1281,21401,0
1281,21402,0
1281,21403,0
1281,21404,0
1281,21405,0
1281,21406,0
1281,21407,0
1281,21408,0
1281,21409,0
1281,21410,0
1281,21411,0
1281,21412,0
1281,21413,0
1281,21414,0
1281,21415,0
1281,21416,0
1281,21417,0
1281,21500,0
1281,21501,0
1281,21502,0
1281,21600,24895
1281,21601,24895
1281,21602,0
1281,21700,0
1281,21701,0
1281,21702,0
1281,21800,0
1281,21801,0
1281,21802,0
1281,21803,0
1281,21804,0
1281,22000,23
1281,22100,23
1281,22101,23
1281,22200,0
1281,22201,0
1281,22202,0
1281,22203,0
1281,23000,39
1281,23100,39
1281,23101,39
1281,23102,0
1281,23103,0
1281,23104,0
1281,23105,0
1281,23106,0
1281,23107,0
1281,23108,0
1281,23109,0
1281,23200,0
1281,23201,0
1281,24000,709
1281,24100,709
1281,24101,0
1281,24102,709
1281,24103,0
1281,24200,0
1281,24201,0
1281,24202,0
1281,24203,0
1281,24204,0
1281,25000,15480
1281,25100,0
1281,25101,0
1281,25102,0
1281,25103,0
1281,25104,0
1281,25105,0
1281,25200,622
1281,25201,0
1281,25202,501
1281,25203,0
1281,25204,0
1281,25205,0
1281,25206,121
1281,25300,14858
1281,25301,0
1281,25302,14857
1281,25303,1
1281,26000,31744
1281,26100,21609
1281,26101,17331
1281,26102,3831
1281,26103,0
1281,26104,447
1281,26200,1100
1281,26201,1100
1281,26202,0
1281,26203,0
1281,26300,1826
1281,26301,579
1281,26302,896
1281,26303,0
1281,26304,15
1281,26305,336
1281,26306,0
1281,26307,0
1281,26400,7209
1281,26401,28
1281,26402,59
1281,26403,1081
1281,26404,57
1281,26405,63
1281,26406,333
1281,26407,53
1281,26408,269
1281,26409,41
1281,26410,1344
1281,26411,2819
1281,26412,1062
1281,27000,8772
1281,27100,0
1281,27101,0
1281,27102,0
1281,27103,0
1281,27200,0
1281,27201,0
1281,27202,0
1281,27203,0
1281,27300,8772
1281,27301,0
1281,27302,0
1281,27303,0
1281,27304,252
1281,27305,0
1281,27306,71
1281,27307,0
1281,27308,8449
1281,27309,6458
1281,28000,6419
1281,28101,6419
1281,31001,19909
1281,31002,0
1281,32001,0
1281,32002,0
1281,32101,0
1281,33001,19909
1281,33002,0
1326,01000,15408231
1326,02000,0
1326,10000,881092335
1326,10001,269627818
1326,10002,606775336
1326,10003,4689181
1326,11000,66787434
1326,11100,58125536
1326,11101,0
1326,11102,0
1326,11103,0
1326,11104,0
1326,11105,0
1326,11106,228141
1326,11107,0
1326,11108,0
1326,11109,11086
1326,11110,0
1326,11111,2521879
1326,11112,31469561
1326,11113,0
1326,11114,115251
1326,11115,14798011
1326,11116,7290210
1326,11117,35227
1326,11118,550263
1326,11119,1105907
1326,11200,530995
1326,11201,0
1326,11202,0
1326,11203,0
1326,11204,0
1326,11205,0
1326,11206,0
1326,11207,0
1326,11208,0
1326,11209,0
1326,11210,0
1326,11211,54107
1326,11212,344590
1326,11213,0
1326,11214,34646
1326,11215,97652
1326,11216,0
1326,11217,0
1326,11300,154976
1326,11301,0
1326,11302,3775
1326,11303,151201
1326,11400,271440
1326,11401,170130
1326,11402,1825
1326,11403,99485
1326,11500,7247687
1326,11501,2921226
1326,11502,317369
1326,11503,0
1326,11504,391158
1326,11505,1927506
1326,11506,129842
1326,11507,204731
1326,11508,1355855
1326,11600,456800
1326,11601,0
1326,11602,0
1326,11603,437279
1326,11604,19521
1326,11605,0
1326,11606,0
1326,11607,0
1326,11608,0
1326,12000,202840384
1326,12100,10383245
1326,12101,4599085
1326,12102,5784160
1326,12200,190999248
1326,12201,190999248
1326,12300,1130797
1326,12301,1130797
1326,12400,327094
1326,12401,59226
1326,12402,0
1326,12403,93
1326,12404,51201
1326,12405,0
1326,12406,216574
1326,13000,7311017
1326,13100,7299118
1326,13101,321631
1326,13102,36937
1326,13103,0
1326,13104,336080
1326,13105,5113830
1326,13106,226111
1326,13107,352294
1326,13108,912235
1326,13200,11899
1326,13201,11899
1326,14000,420063
1326,14100,9523
1326,14101,0
1326,14102,8037
1326,14103,0
1326,14104,1486
1326,14200,410540
1326,14201,0
1326,14202,0
1326,14203,410540
1326,14204,0
1326,14300,0
1326,14301,0
1326,14302,0
1326,14303,0
1326,14304,0
1326,14400,0
1326,14401,0
1326,14402,0
1326,14403,0
1326,14404,0
1326,15000,407697846
1326,15100,406086657
1326,15101,177141
1326,15102,405907856
1326,15103,1660
1326,15200,1611189
1326,15201,0
1326,15202,1611189
1326,15203,0
1326,15204,0
1326,16000,191346410
1326,16100,14294594
1326,16101,160652
1326,16102,161360
1326,16103,13972582
1326,16104,0
1326,16105,0
1326,16200,9183124
1326,16201,937729
1326,16202,284577
1326,16203,7960818
1326,16300,167868692
1326,16301,39833
1326,16302,215775
1326,16303,0
1326,16304,0
1326,16305,167606086
1326,16306,6998
1326,17000,4689181
1326,17100,4365968
1326,17101,4197530
1326,17102,168243
1326,17103,195
1326,17200,216615
1326,17201,117790
1326,17202,4213
1326,17203,94612
1326,17300,106598
1326,17301,2074
1326,17302,59715
1326,17303,209
1326,17304,25570
1326,17305,3811
1326,17306,15219
1326,17307,0
1326,20000,869882932
1326,20001,222360506
1326,20002,634800677
1326,20003,8522921
1326,20100,865684104
1326,21000,33466443
1326,21100,4164709
1326,21101,11841
1326,21102,3451889
1326,21103,700979
1326,21104,0
1326,21200,1196027
1326,21201,0
1326,21202,196831
1326,21203,0
1326,21204,2696
1326,21205,68
1326,21206,0
1326,21207,29576
1326,21208,925923
1326,21209,2377
1326,21210,25309
1326,21211,11895
1326,21212,174
1326,21213,0
1326,21214,1178
1326,21300,12527930
1326,21301,861277
1326,21302,488053
1326,21303,434
1326,21304,0
1326,21305,244442
1326,21306,7795
1326,21307,836980
1326,21308,2099
1326,21309,176049
1326,21310,1930
1326,21311,1125501
1326,21312,4527691
1326,21313,104829
1326,21314,4080706
1326,21315,403
1326,21316,69741
1326,21317,0
1326,21400,5722982
1326,21401,0
1326,21402,0
1326,21403,0
1326,21404,0
1326,21405,0
1326,21406,0
1326,21407,372904
1326,21408,0
1326,21409,0
1326,21410,0
1326,21411,131787
1326,21412,58081
1326,21413,0
1326,21414,4749776
1326,21415,248053
1326,21416,27653
1326,21417,134728
1326,21500,1306906
1326,21501,1262482
1326,21502,44424
1326,21600,5181591
1326,21601,5060127
1326,21602,121464
1326,21700,0
1326,21701,0
1326,21702,0
1326,21800,3366298
1326,21801,396350
1326,21802,0
1326,21803,0
1326,21804,2969948
1326,22000,188894063
1326,22100,188893935
1326,22101,188893935
1326,22200,128
1326,22201,63
1326,22202,0
1326,22203,65
1326,23000,7138500
1326,23100,7136890
1326,23101,702421
1326,23102,102430
1326,23103,0
1326,23104,503374
1326,23105,2805154
1326,23106,242268
1326,23107,585481
1326,23108,2195762
1326,23109,0
1326,23200,1610
1326,23201,1610
1326,24000,410686366
1326,24100,409701946
1326,24101,1764591
1326,24102,407935649
1326,24103,1706
1326,24200,984420
1326,24201,0
1326,24202,984420
1326,24203,0
1326,24204,0
1326,25000,182121977
1326,25100,15222198
1326,25101,266356
1326,25102,187592
1326,25103,14714076
1326,25104,0
1326,25105,54174
1326,25200,5726187
1326,25201,18669
1326,25202,266258
1326,25203,2339100
1326,25204,892053
1326,25205,12577
1326,25206,2197530
1326,25300,161173592
1326,25301,0
1326,25302,161133010
1326,25303,40582
1326,26000,34853834
1326,26100,15787130
1326,26101,13507925
1326,26102,2187161
1326,26103,2819
1326,26104,89225
1326,26200,754903
1326,26201,721059
1326,26202,0
1326,26203,33844
1326,26300,12428114
1326,26301,318920
1326,26302,1141885
1326,26303,2264492
1326,26304,412080
1326,26305,474698
1326,26306,0
1326,26307,7816039
1326,26400,5883687
1326,26401,7584
1326,26402,168599
1326,26403,658951
1326,26404,442640
1326,26405,121671
1326,26406,725878
1326,26407,4244
1326,26408,4754
1326,26409,117
1326,26410,900771
1326,26411,1675307
1326,26412,1173171
1326,27000,8522921
1326,27100,27364
1326,27101,13
1326,27102,5883
1326,27103,21468
1326,27200,281143
1326,27201,5189
1326,27202,91663
1326,27203,184291
1326,27300,8214414
1326,27301,123373
1326,27302,0
1326,27303,203
1326,27304,0
1326,27305,461989
1326,27306,17550
1326,27307,0
1326,27308,7611299
1326,27309,0
1326,28000,4198828
1326,28101,4198828
1326,31001,11209403
1326,31002,0
1326,32001,0
1326,32002,0
1326,32101,0
1326,33001,11209403
1326,33002,0
1720,01000,51195
1720,02000,0
1720,10000,1321275
1720,10001,751794
1720,10002,565459
1720,10003,4022
1720,11000,560591
1720,11100,503808
1720,11102,930
1720,11109,7327
1720,11111,3712
1720,11112,238809
1720,11113,10617
1720,11114,48323
1720,11115,194090
1720,11300,29
1720,11302,2
1720,11303,27
1720,11400,27029
1720,11401,27029
1720,11500,29725
1720,11504,17497
1720,11505,12228
1720,12000,191203
1720,12100,168706
1720,12101,22388
1720,12102,146318
1720,12200,11321
1720,12201,11321
1720,12300,10058
1720,12301,10058
1720,12400,1118
1720,12404,664
1720,12406,454
1720,13000,67
1720,13100,67
1720,13105,67
1720,14000,6
1720,14100,6
1720,14102,6
1720,15000,166573
1720,15100,166573
1720,15102,166573
1720,16000,398813
1720,16200,20934
1720,16201,3594
1720,16203,17340
1720,16300,377879
1720,16301,3661
1720,16302,1091
1720,16305,366011
1720,16306,7116
1720,17000,4022
1720,17100,1089
1720,17101,508
1720,17103,581
1720,17200,1387
1720,17201,1365
1720,17202,1
1720,17203,21
1720,17300,1546
1720,17302,246
1720,17305,349
1720,17306,951
1720,20000,1287469
1720,20001,280860
1720,20002,984739
1720,20003,4481
1720,20100,1270080
1720,21000,277895
1720,21200,765
1720,21205,25
1720,21208,662
1720,21209,78
1720,21300,11217
1720,21308,411
1720,21312,8424
1720,21313,2382
1720,21400,1
1720,21402,1
1720,21600,265912
1720,21601,265640
1720,21602,272
1720,22000,2965
1720,22100,2965
1720,22101,2965
1720,23000,2755
1720,23100,2755
1720,23104,856
1720,23105,1899
1720,24000,165323
1720,24100,165323
1720,24102,165323
1720,25000,465008
1720,25200,12786
1720,25201,74
1720,25202,226
1720,25203,11861
1720,25206,625
1720,25300,452222
1720,25302,452222
1720,26000,351653
1720,26100,229659
1720,26101,173940
1720,26102,50518
1720,26104,5201
1720,26200,13878
1720,26201,13876
1720,26203,2
1720,26300,31560
1720,26301,3460
1720,26302,8449
1720,26303,6318
1720,26304,4574
1720,26305,7417
1720,26307,1342
1720,26400,76556
1720,26401,755
1720,26402,1272
1720,26403,32578
1720,26404,2082
1720,26405,63
1720,26406,6013
1720,26407,4
1720,26408,486
1720,26409,133
1720,26410,16919
1720,26411,13550
1720,26412,2701
1720,27000,4481
1720,27100,11
1720,27103,11
1720,27200,204
1720,27201,94
1720,27203,110
1720,27300,4266
1720,27301,38
1720,27304,1
1720,27305,811
1720,27306,880
1720,27308,2536
1720,28000,17389
1720,28101,17389
1720,31001,33806
1720,33001,33806
1909,01000,49753
1909,02000,0
1909,10000,155975
1909,10001,86029
1909,10002,69946
1909,11000,56198
1909,11100,56017
1909,11110,1410
1909,11112,2785
1909,11114,395
1909,11115,51427
1909,11400,181
1909,11401,181
1909,12000,29831
1909,12100,29635
1909,12102,29635
1909,12300,196
1909,12301,196
1909,15000,20591
1909,15100,20591
1909,15102,20591
1909,16000,49355
1909,16200,31
1909,16201,31
1909,16300,49324
1909,16305,49324
1909,20000,116362
1909,20001,1071
1909,20002,104487
1909,20003,664
1909,20100,106222
1909,21000,1071
1909,21600,1071
1909,21601,1071
1909,24000,20067
1909,24100,20067
1909,24102,20067
1909,25000,64474
1909,25200,1562
1909,25202,33
1909,25203,1529
1909,25300,62912
1909,25302,62912
1909,26000,19946
1909,26100,9438
1909,26101,7075
1909,26102,2363
1909,26200,1753
1909,26201,1753
1909,26300,477
1909,26301,135
1909,26302,342
1909,26400,8278
1909,26402,86
1909,26403,3405
1909,26406,1611
1909,26408,190
1909,26410,509
1909,26411,446
1909,26412,2031
1909,27000,664
1909,27300,664
1909,27305,470
1909,27308,194
1909,28000,10140
1909,28101,10140
1909,31001,39613
1909,32001,26010
1909,32101,26010
1909,33001,13603
1909,40001,19310
1909,40011,7075
1909,40012,2363
1909,40013,0
1909,40014,0
1909,40015,1753
1909,40016,0
1909,40017,0
1909,40018,135
1909,40019,342
1909,40110,0
1909,40111,0
1909,40112,0
1909,40113,86
1909,40114,3405
1909,40115,0
1909,40116,0
1909,40117,1611
1909,40118,509
1909,40119,2031
2176,01000,1159638
2176,02000,0
2176,10000,44973376
2176,10001,13183513
2176,10002,31670598
2176,10003,119265
2176,11000,4863105
2176,11100,4263662
2176,11101,0
2176,11102,317
2176,11103,0
2176,11104,0
2176,11105,0
2176,11106,484
2176,11107,0
2176,11108,0
2176,11109,0
2176,11110,0
2176,11111,36282
2176,11112,3570025
2176,11113,71644
2176,11114,37519
2176,11115,503471
2176,11116,0
2176,11117,942
2176,11118,42978
2176,11119,0
2176,11200,3383
2176,11201,0
2176,11202,0
2176,11203,0
2176,11204,0
2176,11205,0
2176,11206,0
2176,11207,0
2176,11208,0
2176,11209,0
2176,11210,0
2176,11211,0
2176,11212,3383
2176,11213,0
2176,11214,0
2176,11215,0
2176,11216,0
2176,11217,0
2176,11300,27416
2176,11301,0
2176,11302,20236
2176,11303,7180
2176,11400,15032
2176,11401,8416
2176,11402,2845
2176,11403,3771
2176,11500,95988
2176,11501,53970
2176,11502,0
2176,11503,0
2176,11504,18560
2176,11505,21433
2176,11506,0
2176,11507,0
2176,11508,2025
2176,11600,457624
2176,11601,0
2176,11602,0
2176,11603,0
2176,11604,457624
2176,11605,0
2176,11606,0
2176,11607,0
2176,11608,0
2176,12000,8320408
2176,12100,7756920
2176,12101,33777
2176,12102,7723143
2176,12200,507359
2176,12201,507359
2176,12300,43321
2176,12301,43321
2176,12400,12808
2176,12401,0
2176,12402,0
2176,12403,433
2176,12404,12336
2176,12405,0
2176,12406,39
2176,13000,8368
2176,13100,7165
2176,13101,0
2176,13102,0
2176,13103,0
2176,13104,0
2176,13105,7165
2176,13106,0
2176,13107,0
2176,13108,0
2176,13200,1203
2176,13201,1203
2176,14000,898
2176,14100,898
2176,14101,0
2176,14102,0
2176,14103,0
2176,14104,898
2176,14200,0
2176,14201,0
2176,14202,0
2176,14203,0
2176,14204,0
2176,14300,0
2176,14301,0
2176,14302,0
2176,14303,0
2176,14304,0
2176,14400,0
2176,14401,0
2176,14402,0
2176,14403,0
2176,14404,0
2176,15000,19631339
2176,15100,19630136
2176,15101,34143
2176,15102,19586181
2176,15103,9812
2176,15200,1203
2176,15201,0
2176,15202,1203
2176,15203,0
2176,15204,0
2176,16000,12029993
2176,16100,0
2176,16101,0
2176,16102,0
2176,16103,0
2176,16104,0
2176,16105,0
2176,16200,250119
2176,16201,223666
2176,16202,900
2176,16203,25553
2176,16300,11779874
2176,16301,7767
2176,16302,4822
2176,16303,0
2176,16304,0
2176,16305,11658206
2176,16306,109079
2176,17000,119265
2176,17100,5131
2176,17101,4180
2176,17102,127
2176,17103,824
2176,17200,1562
2176,17201,0
2176,17202,372
2176,17203,1190
2176,17300,112572
2176,17301,5
2176,17302,13335
2176,17303,0
2176,17304,11024
2176,17305,0
2176,17306,88208
2176,17307,70822
2176,20000,44247260
2176,20001,3403561
2176,20002,40326533
2176,20003,83644
2176,20100,43813738
2176,21000,3178397
2176,21100,49672
2176,21101,0
2176,21102,11119
2176,21103,38553
2176,21104,0
2176,21200,66298
2176,21201,0
2176,21202,50
2176,21203,0
2176,21204,0
2176,21205,0
2176,21206,0
2176,21207,447
2176,21208,2479
2176,21209,97
2176,21210,63225
2176,21211,0
2176,21212,0
2176,21213,0
2176,21214,0
2176,21300,128639
2176,21301,0
2176,21302,0
2176,21303,0
2176,21304,0
2176,21305,0
2176,21306,0
2176,21307,0
2176,21308,0
2176,21309,2000
2176,21310,0
2176,21311,14133
2176,21312,106990
2176,21313,1182
2176,21314,4334
2176,21315,0
2176,21316,0
2176,21317,0
2176,21400,128387
2176,21401,0
2176,21402,0
2176,21403,0
2176,21404,0
2176,21405,0
2176,21406,0
2176,21407,0
2176,21408,0
2176,21409,0
2176,21410,0
2176,21411,4394
2176,21412,67179
2176,21413,0
2176,21414,8567
2176,21415,0
2176,21416,48247
2176,21417,0
2176,21500,1122
2176,21501,1122
2176,21502,0
2176,21600,2736557
2176,21601,2719013
2176,21602,17544
2176,21700,0
2176,21701,0
2176,21702,0
2176,21800,67722
2176,21801,2637
2176,21802,0
2176,21803,0
2176,21804,65085
2176,22000,225164
2176,22100,224759
2176,22101,224759
2176,22200,405
2176,22201,0
2176,22202,0
2176,22203,405
2176,23000,30805
2176,23100,30767
2176,23101,0
2176,23102,0
2176,23103,0
2176,23104,0
2176,23105,30070
2176,23106,0
2176,23107,0
2176,23108,0
2176,23109,697
2176,23200,38
2176,23201,38
2176,24000,19653120
2176,24100,19647111
2176,24101,19243
2176,24102,19618289
2176,24103,9579
2176,24200,6009
2176,24201,0
2176,24202,6009
2176,24203,0
2176,24204,0
2176,25000,16256888
2176,25100,0
2176,25101,0
2176,25102,0
2176,25103,0
2176,25104,0
2176,25105,0
2176,25200,955163
2176,25201,15460
2176,25202,52717
2176,25203,839762
2176,25204,9387
2176,25205,0
2176,25206,37837
2176,25300,15301725
2176,25301,0
2176,25302,15301710
2176,25303,15
2176,26000,4385720
2176,26100,1849037
2176,26101,1474471
2176,26102,315356
2176,26103,1
2176,26104,59209
2176,26200,256105
2176,26201,256018
2176,26202,0
2176,26203,87
2176,26300,1093340
2176,26301,20237
2176,26302,279817
2176,26303,629246
2176,26304,30388
2176,26305,131721
2176,26306,0
2176,26307,1931
2176,26400,1187238
2176,26401,2401
2176,26402,4453
2176,26403,389647
2176,26404,256950
2176,26405,1217
2176,26406,78463
2176,26407,171
2176,26408,5925
2176,26409,13
2176,26410,284904
2176,26411,82750
2176,26412,80344
2176,27000,83644
2176,27100,5213
2176,27101,0
2176,27102,32
2176,27103,5181
2176,27200,4287
2176,27201,0
2176,27202,0
2176,27203,4287
2176,27300,74144
2176,27301,0
2176,27302,0
2176,27303,0
2176,27304,0
2176,27305,739
2176,27306,0
2176,27307,0
2176,27308,73405
2176,27309,71629
2176,28000,433522
2176,28101,433522
2176,31001,726116
2176,31002,0
2176,32001,0
2176,32002,0
2176,32101,0
2176,33001,726116
2176,33002,0
2216,01000,713257
2216,02000,0
2216,10000,70098163
2216,10001,13726176
2216,10002,56054328
2216,10003,317659
2216,11000,7323339
2216,11100,6999026
2216,11101,0
2216,11102,0
2216,11103,0
2216,11104,0
2216,11105,0
2216,11106,0
2216,11107,0
2216,11108,0
2216,11109,0
2216,11110,0
2216,11111,19509
2216,11112,3624554
2216,11113,1158
2216,11114,1948250
2216,11115,806101
2216,11116,355154
2216,11117,322
2216,11118,234941
2216,11119,9037
2216,11200,0
2216,11201,0
2216,11202,0
2216,11203,0
2216,11204,0
2216,11205,0
2216,11206,0
2216,11207,0
2216,11208,0
2216,11209,0
2216,11210,0
2216,11211,0
2216,11212,0
2216,11213,0
2216,11214,0
2216,11215,0
2216,11216,0
2216,11217,0
2216,11300,932
2216,11301,0
2216,11302,930
2216,11303,2
2216,11400,17075
2216,11401,17075
2216,11402,0
2216,11403,0
2216,11500,306306
2216,11501,236187
2216,11502,0
2216,11503,0
2216,11504,4598
2216,11505,44957
2216,11506,0
2216,11507,20564
2216,11508,0
2216,11600,0
2216,11601,0
2216,11602,0
2216,11603,0
2216,11604,0
2216,11605,0
2216,11606,0
2216,11607,0
2216,11608,0
2216,12000,6402837
2216,12100,807358
2216,12101,57393
2216,12102,749965
2216,12200,3754316
2216,12201,3754316
2216,12300,114635
2216,12301,114635
2216,12400,1726528
2216,12401,155
2216,12402,0
2216,12403,0
2216,12404,1333
2216,12405,1716157
2216,12406,8883
2216,13000,17686
2216,13100,17196
2216,13101,7447
2216,13102,0
2216,13103,0
2216,13104,416
2216,13105,7960
2216,13106,0
2216,13107,1373
2216,13108,0
2216,13200,490
2216,13201,490
2216,14000,0
2216,14100,0
2216,14101,0
2216,14102,0
2216,14103,0
2216,14104,0
2216,14200,0
2216,14201,0
2216,14202,0
2216,14203,0
2216,14204,0
2216,14300,0
2216,14301,0
2216,14302,0
2216,14303,0
2216,14304,0
2216,14400,0
2216,14401,0
2216,14402,0
2216,14403,0
2216,14404,0
2216,15000,46353910
2216,15100,46330511
2216,15101,1551
2216,15102,46328960
2216,15103,0
2216,15200,23399
2216,15201,0
2216,15202,23399
2216,15203,0
2216,15204,0
2216,16000,9682732
2216,16100,0
2216,16101,0
2216,16102,0
2216,16103,0
2216,16104,0
2216,16105,0
2216,16200,49186
2216,16201,0
2216,16202,2442
2216,16203,46744
2216,16300,9633546
2216,16301,4098
2216,16302,128312
2216,16303,0
2216,16304,0
2216,16305,9396732
2216,16306,104404
2216,17000,317659
2216,17100,270564
2216,17101,265751
2216,17102,4813
2216,17103,0
2216,17200,4507
2216,17201,1607
2216,17202,2649
2216,17203,251
2216,17300,42588
2216,17301,0
2216,17302,15854
2216,17303,7690
2216,17304,96
2216,17305,526
2216,17306,18422
2216,17307,16619
2216,20000,69647175
2216,20001,6457374
2216,20002,62824023
2216,20003,103509
2216,20100,69384906
2216,21000,2602008
2216,21100,1708405
2216,21101,48
2216,21102,101284
2216,21103,1607073
2216,21104,0
2216,21200,52458
2216,21201,0
2216,21202,0
2216,21203,0
2216,21204,0
2216,21205,0
2216,21206,0
2216,21207,13135
2216,21208,28789
2216,21209,2234
2216,21210,0
2216,21211,0
2216,21212,1252
2216,21213,0
2216,21214,7048
2216,21300,74993
2216,21301,0
2216,21302,0
2216,21303,0
2216,21304,0
2216,21305,0
2216,21306,0
2216,21307,0
2216,21308,83
2216,21309,0
2216,21310,700
2216,21311,14629
2216,21312,46678
2216,21313,856
2216,21314,12047
2216,21315,0
2216,21316,0
2216,21317,0
2216,21400,608322
2216,21401,0
2216,21402,0
2216,21403,0
2216,21404,0
2216,21405,0
2216,21406,0
2216,21407,0
2216,21408,0
2216,21409,0
2216,21410,0
2216,21411,0
2216,21412,0
2216,21413,0
2216,21414,608314
2216,21415,0
2216,21416,0
2216,21417,8
2216,21500,1171
2216,21501,1089
2216,21502,82
2216,21600,155124
2216,21601,152047
2216,21602,3077
2216,21700,70
2216,21701,63
2216,21702,7
2216,21800,1465
2216,21801,1465
2216,21802,0
2216,21803,0
2216,21804,0
2216,22000,3855366
2216,22100,3855366
2216,22101,3855366
2216,22200,0
2216,22201,0
2216,22202,0
2216,22203,0
2216,23000,34830
2216,23100,34830
2216,23101,13588
2216,23102,0
2216,23103,0
2216,23104,1806
2216,23105,7722
2216,23106,0
2216,23107,11714
2216,23108,0
2216,23109,0
2216,23200,0
2216,23201,0
2216,24000,45985697
2216,24100,45963851
2216,24101,90
2216,24102,45963761
2216,24103,0
2216,24200,21846
2216,24201,0
2216,24202,21846
2216,24203,0
2216,24204,0
2216,25000,11845703
2216,25100,0
2216,25101,0
2216,25102,0
2216,25103,0
2216,25104,0
2216,25105,0
2216,25200,158457
2216,25201,409
2216,25202,52816
2216,25203,35199
2216,25204,62732
2216,25205,6383
2216,25206,918
2216,25300,11687246
2216,25301,0
2216,25302,11675155
2216,25303,12091
2216,26000,4957793
2216,26100,1654097
2216,26101,1361921
2216,26102,272247
2216,26103,0
2216,26104,19929
2216,26200,1125369
2216,26201,1120827
2216,26202,0
2216,26203,4542
2216,26300,1124179
2216,26301,12730
2216,26302,270148
2216,26303,536446
2216,26304,239725
2216,26305,28933
2216,26306,0
2216,26307,36197
2216,26400,1054148
2216,26401,2719
2216,26402,30869
2216,26403,49126
2216,26404,77841
2216,26405,3518
2216,26406,283293
2216,26407,395
2216,26408,14486
2216,26409,27
2216,26410,60416
2216,26411,186530
2216,26412,344928
2216,27000,103509
2216,27100,1404
2216,27101,63
2216,27102,1104
2216,27103,237
2216,27200,34928
2216,27201,19106
2216,27202,872
2216,27203,14950
2216,27300,67177
2216,27301,16810
2216,27302,0
2216,27303,0
2216,27304,15
2216,27305,7354
2216,27306,5305
2216,27307,0
2216,27308,37693
2216,27309,35632
2216,28000,262269
2216,28101,262269
2216,31001,450988
2216,31002,0
2216,32001,0
2216,32002,0
2216,32101,0
2216,33001,450988
2216,33002,0
2244,01000,5784
2244,02000,0
2244,10000,560462
2244,10001,321060
2244,10002,237638
2244,10003,1764
2244,11000,177879
2244,11100,156339
2244,11109,95
2244,11110,71
2244,11111,276
2244,11112,88585
2244,11113,0
2244,11114,17357
2244,11115,46254
2244,11117,53
2244,11118,3648
2244,11200,7735
2244,11202,40
2244,11212,1183
2244,11215,6512
2244,11300,96
2244,11302,96
2244,11400,0
2244,11401,0
2244,11500,12357
2244,11501,4239
2244,11502,1724
2244,11504,2717
2244,11505,3677
2244,11600,1352
2244,11603,1352
2244,11604,0
2244,12000,143181
2244,12100,118415
2244,12101,6472
2244,12102,111943
2244,12200,22889
2244,12201,22889
2244,12300,1151
2244,12301,1151
2244,12400,726
2244,12401,0
2244,12404,726
2244,12406,0
2244,13000,6801
2244,13100,6801
2244,13101,179
2244,13102,643
2244,13104,4048
2244,13105,1931
2244,13200,0
2244,13201,0
2244,14000,0
2244,14100,0
2244,14102,0
2244,15000,68277
2244,15100,68277
2244,15101,0
2244,15102,68277
2244,16000,162560
2244,16100,0
2244,16105,0
2244,16200,4550
2244,16201,1586
2244,16203,2964
2244,16300,158010
2244,16301,2042
2244,16302,2668
2244,16305,153190
2244,16306,110
2244,17000,1764
2244,17100,262
2244,17101,255
2244,17102,7
2244,17103,0
2244,17200,41
2244,17201,27
2244,17203,14
2244,17300,1461
2244,17301,0
2244,17302,4
2244,17304,0
2244,17305,0
2244,17306,1457
2244,17307,945
2244,20000,555573
2244,20001,112109
2244,20002,432968
2244,20003,9601
2244,20100,554678
2244,21000,95438
2244,21100,54
2244,21101,6
2244,21102,48
2244,21200,164
2244,21201,0
2244,21202,0
2244,21203,0
2244,21204,0
2244,21205,0
2244,21206,0
2244,21207,0
2244,21208,71
2244,21209,40
2244,21212,53
2244,21300,4464
2244,21308,0
2244,21310,0
2244,21311,0
2244,21312,4464
2244,21313,0
2244,21400,7936
2244,21412,1425
2244,21415,6511
2244,21600,82346
2244,21601,82256
2244,21602,90
2244,21800,474
2244,21804,474
2244,22000,16671
2244,22100,14254
2244,22101,14254
2244,22200,2417
2244,22201,2417
2244,23000,3882
2244,23100,3882
2244,23101,1047
2244,23102,438
2244,23104,885
2244,23105,1512
2244,24000,67292
2244,24100,67292
2244,24101,0
2244,24102,67292
2244,25000,159261
2244,25100,0
2244,25105,0
2244,25200,3429
2244,25202,2065
2244,25203,776
2244,25205,88
2244,25206,500
2244,25300,155832
2244,25302,145506
2244,25303,10326
2244,26000,202533
2244,26100,129637
2244,26101,103607
2244,26102,25892
2244,26103,15
2244,26104,123
2244,26200,5512
2244,26201,5511
2244,26202,0
2244,26203,1
2244,26300,37999
2244,26301,1281
2244,26302,6533
2244,26303,26331
2244,26304,386
2244,26305,3089
2244,26307,379
2244,26400,29385
2244,26401,132
2244,26402,1479
2244,26403,5983
2244,26404,4795
2244,26405,763
2244,26406,3192
2244,26407,0
2244,26408,500
2244,26409,95
2244,26410,388
2244,26411,9361
2244,26412,2697
2244,27000,9601
2244,27100,838
2244,27101,785
2244,27102,0
2244,27103,53
2244,27200,563
2244,27201,496
2244,27202,5
2244,27203,62
2244,27300,8200
2244,27301,0
2244,27303,0
2244,27304,0
2244,27305,85
2244,27308,8115
2244,27309,1277
2244,28000,895
2244,28101,895
2244,31001,4889
2244,31002,0
2244,33001,4889
2309,01000,149607
2309,02000,0
2309,10000,6455763
2309,10001,631844
2309,10002,5823835
2309,10003,84
2309,11000,183268
2309,11100,64304
2309,11101,0
2309,11102,0
2309,11103,0
2309,11104,0
2309,11105,0
2309,11106,0
2309,11107,0
2309,11108,0
2309,11109,0
2309,11110,0
2309,11111,0
2309,11112,33583
2309,11113,0
2309,11114,0
2309,11115,7266
2309,11116,3412
2309,11117,0
2309,11118,11495
2309,11119,8548
2309,11200,0
2309,11201,0
2309,11202,0
2309,11203,0
2309,11204,0
2309,11205,0
2309,11206,0
2309,11207,0
2309,11208,0
2309,11209,0
2309,11210,0
2309,11211,0
2309,11212,0
2309,11213,0
2309,11214,0
2309,11215,0
2309,11216,0
2309,11217,0
2309,11300,2949
2309,11301,0
2309,11302,0
2309,11303,2949
2309,11400,115274
2309,11401,112925
2309,11402,0
2309,11403,2349
2309,11500,741
2309,11501,663
2309,11502,0
2309,11503,0
2309,11504,0
2309,11505,0
2309,11506,78
2309,11507,0
2309,11508,0
2309,11600,0
2309,11601,0
2309,11602,0
2309,11603,0
2309,11604,0
2309,11605,0
2309,11606,0
2309,11607,0
2309,11608,0
2309,12000,448576
2309,12100,42135
2309,12101,5523
2309,12102,36612
2309,12200,405823
2309,12201,405823
2309,12300,618
2309,12301,618
2309,12400,0
2309,12401,0
2309,12402,0
2309,12403,0
2309,12404,0
2309,12405,0
2309,12406,0
2309,13000,46
2309,13100,46
2309,13101,0
2309,13102,0
2309,13103,0
2309,13104,0
2309,13105,0
2309,13106,46
2309,13107,0
2309,13108,0
2309,13200,0
2309,13201,0
2309,14000,0
2309,14100,0
2309,14101,0
2309,14102,0
2309,14103,0
2309,14104,0
2309,14200,0
2309,14201,0
2309,14202,0
2309,14203,0
2309,14204,0
2309,14300,0
2309,14301,0
2309,14302,0
2309,14303,0
2309,14304,0
2309,14400,0
2309,14401,0
2309,14402,0
2309,14403,0
2309,14404,0
2309,15000,5369532
2309,15100,5369532
2309,15101,0
2309,15102,5369532
2309,15103,0
2309,15200,0
2309,15201,0
2309,15202,0
2309,15203,0
2309,15204,0
2309,16000,454257
2309,16100,0
2309,16101,0
2309,16102,0
2309,16103,0
2309,16104,0
2309,16105,0
2309,16200,9000
2309,16201,70
2309,16202,0
2309,16203,8930
2309,16300,445257
2309,16301,3563
2309,16302,0
2309,16303,0
2309,16304,0
2309,16305,441694
2309,16306,0
2309,17000,84
2309,17100,79
2309,17101,0
2309,17102,79
2309,17103,0
2309,17200,2
2309,17201,2
2309,17202,0
2309,17203,0
2309,17300,3
2309,17301,0
2309,17302,0
2309,17303,0
2309,17304,0
2309,17305,0
2309,17306,3
2309,17307,0
2309,20000,6330592
2309,20001,415549
2309,20002,5889977
2309,20003,630
2309,20100,6306156
2309,21000,35734
2309,21100,18208
2309,21101,0
2309,21102,0
2309,21103,18208
2309,21104,0
2309,21200,6342
2309,21201,0
2309,21202,0
2309,21203,0
2309,21204,0
2309,21205,0
2309,21206,0
2309,21207,0
2309,21208,6332
2309,21209,0
2309,21210,0
2309,21211,10
2309,21212,0
2309,21213,0
2309,21214,0
2309,21300,6658
2309,21301,0
2309,21302,0
2309,21303,0
2309,21304,0
2309,21305,0
2309,21306,0
2309,21307,0
2309,21308,0
2309,21309,0
2309,21310,0
2309,21311,0
2309,21312,5071
2309,21313,0
2309,21314,1323
2309,21315,0
2309,21316,264
2309,21317,0
2309,21400,57
2309,21401,0
2309,21402,0
2309,21403,0
2309,21404,0
2309,21405,0
2309,21406,0
2309,21407,0
2309,21408,0
2309,21409,0
2309,21410,0
2309,21411,0
2309,21412,57
2309,21413,0
2309,21414,0
2309,21415,0
2309,21416,0
2309,21417,0
2309,21500,0
2309,21501,0
2309,21502,0
2309,21600,4469
2309,21601,1254
2309,21602,3215
2309,21700,0
2309,21701,0
2309,21702,0
2309,21800,0
2309,21801,0
2309,21802,0
2309,21803,0
2309,21804,0
2309,22000,379815
2309,22100,379667
2309,22101,379667
2309,22200,148
2309,22201,148
2309,22202,0
2309,22203,0
2309,23000,275
2309,23100,275
2309,23101,0
2309,23102,0
2309,23103,0
2309,23104,0
2309,23105,0
2309,23106,275
2309,23107,0
2309,23108,0
2309,23109,0
2309,23200,0
2309,23201,0
2309,24000,5329133
2309,24100,5329133
2309,24101,350
2309,24102,5328783
2309,24103,0
2309,24200,0
2309,24201,0
2309,24202,0
2309,24203,0
2309,24204,0
2309,25000,382031
2309,25100,0
2309,25101,0
2309,25102,0
2309,25103,0
2309,25104,0
2309,25105,0
2309,25200,2717
2309,25201,1746
2309,25202,0
2309,25203,968
2309,25204,0
2309,25205,0
2309,25206,3
2309,25300,379314
2309,25301,0
2309,25302,378016
2309,25303,1298
2309,26000,178538
2309,26100,71527
2309,26101,63868
2309,26102,7610
2309,26103,0
2309,26104,49
2309,26200,16482
2309,26201,16482
2309,26202,0
2309,26203,0
2309,26300,24576
2309,26301,156
2309,26302,8692
2309,26303,14063
2309,26304,0
2309,26305,1665
2309,26306,0
2309,26307,0
2309,26400,65953
2309,26401,170
2309,26402,4804
2309,26403,4592
2309,26404,0
2309,26405,1726
2309,26406,9669
2309,26407,0
2309,26408,680
2309,26409,20
2309,26410,3201
2309,26411,33567
2309,26412,7524
2309,27000,630
2309,27100,12
2309,27101,0
2309,27102,7
2309,27103,5
2309,27200,52
2309,27201,0
2309,27202,0
2309,27203,52
2309,27300,566
2309,27301,0
2309,27302,0
2309,27303,0
2309,27304,0
2309,27305,177
2309,27306,0
2309,27307,0
2309,27308,389
2309,27309,0
2309,28000,24436
2309,28101,24436
2309,31001,125171
2309,31002,0
2309,32001,0
2309,32002,0
2309,32101,0
2309,33001,125171
2309,33002,0
2407,01000,14896
2407,02000,0
2407,10000,82746
2407,10001,42100
2407,10002,40520
2407,10003,126
2407,11000,25293
2407,11100,25107
2407,11109,903
2407,11112,2556
2407,11113,1510
2407,11114,122
2407,11115,12448
2407,11118,7568
2407,11400,186
2407,11401,182
2407,11402,4
2407,12000,16807
2407,12100,15636
2407,12101,315
2407,12102,15321
2407,12200,20
2407,12201,20
2407,12300,1151
2407,12301,1151
2407,15000,211
2407,15100,211
2407,15102,211
2407,16000,40309
2407,16300,40309
2407,16302,8
2407,16305,40152
2407,16306,149
2407,17000,126
2407,17100,74
2407,17101,74
2407,17200,52
2407,17202,52
2407,20000,70982
2407,20001,3346
2407,20002,64483
2407,20003,21
2407,20100,67850
2407,21000,3346
2407,21600,3346
2407,21601,3346
2407,24000,210
2407,24100,210
2407,24102,210
2407,25000,47370
2407,25200,252
2407,25202,31
2407,25203,221
2407,25300,47118
2407,25302,47118
2407,26000,16903
2407,26100,8956
2407,26101,6603
2407,26102,2146
2407,26104,207
2407,26200,938
2407,26201,938
2407,26300,3637
2407,26301,872
2407,26302,660
2407,26303,387
2407,26305,1718
2407,26400,3372
2407,26401,31
2407,26402,50
2407,26403,1043
2407,26404,3
2407,26405,231
2407,26406,574
2407,26407,154
2407,26408,200
2407,26409,30
2407,26410,176
2407,26411,819
2407,26412,61
2407,27000,21
2407,27100,15
2407,27103,15
2407,27300,6
2407,27305,5
2407,27308,1
2407,28000,3132
2407,28101,3132
2407,31001,11764
2407,33001,11764
2726,01000,334822
2726,02000,0
2726,10000,3108203
2726,10001,31890
2726,10002,3074146
2726,10003,2167
2726,11000,11861
2726,11100,0
2726,11101,0
2726,11102,0
2726,11103,0
2726,11104,0
2726,11105,0
2726,11106,0
2726,11107,0
2726,11108,0
2726,11109,0
2726,11110,0
2726,11111,0
2726,11112,0
2726,11113,0
2726,11114,0
2726,11115,0
2726,11116,0
2726,11117,0
2726,11118,0
2726,11119,0
2726,11200,0
2726,11201,0
2726,11202,0
2726,11203,0
2726,11204,0
2726,11205,0
2726,11206,0
2726,11207,0
2726,11208,0
2726,11209,0
2726,11210,0
2726,11211,0
2726,11212,0
2726,11213,0
2726,11214,0
2726,11215,0
2726,11216,0
2726,11217,0
2726,11300,5305
2726,11301,0
2726,11302,5305
2726,11303,0
2726,11400,6556
2726,11401,3043
2726,11402,3513
2726,11403,0
2726,11500,0
2726,11501,0
2726,11502,0
2726,11503,0
2726,11504,0
2726,11505,0
2726,11506,0
2726,11507,0
2726,11508,0
2726,11600,0
2726,11601,0
2726,11602,0
2726,11603,0
2726,11604,0
2726,11605,0
2726,11606,0
2726,11607,0
2726,11608,0
2726,12000,20029
2726,12100,0
2726,12101,0
2726,12102,0
2726,12200,20029
2726,12201,20029
2726,12300,0
2726,12301,0
2726,12400,0
2726,12401,0
2726,12402,0
2726,12403,0
2726,12404,0
2726,12405,0
2726,12406,0
2726,13000,0
2726,13100,0
2726,13101,0
2726,13102,0
2726,13103,0
2726,13104,0
2726,13105,0
2726,13106,0
2726,13107,0
2726,13108,0
2726,13200,0
2726,13201,0
2726,14000,0
2726,14100,0
2726,14101,0
2726,14102,0
2726,14103,0
2726,14104,0
2726,14200,0
2726,14201,0
2726,14202,0
2726,14203,0
2726,14204,0
2726,14300,0
2726,14301,0
2726,14302,0
2726,14303,0
2726,14304,0
2726,14400,0
2726,14401,0
2726,14402,0
2726,14403,0
2726,14404,0
2726,15000,1125840
2726,15100,1125777
2726,15101,0
2726,15102,1125777
2726,15103,0
2726,15200,63
2726,15201,0
2726,15202,63
2726,15203,0
2726,15204,0
2726,16000,1948306
2726,16100,0
2726,16101,0
2726,16102,0
2726,16103,0
2726,16104,0
2726,16105,0
2726,16200,1884969
2726,16201,0
2726,16202,0
2726,16203,1884969
2726,16300,63337
2726,16301,4192
2726,16302,0
2726,16303,0
2726,16304,0
2726,16305,59140
2726,16306,5
2726,17000,2167
2726,17100,0
2726,17101,0
2726,17102,0
2726,17103,0
2726,17200,4
2726,17201,0
2726,17202,0
2726,17203,4
2726,17300,2163
2726,17301,0
2726,17302,0
2726,17303,2163
2726,17304,0
2726,17305,0
2726,17306,0
2726,17307,0
2726,20000,2844757
2726,20001,16162
2726,20002,2754675
2726,20003,2544
2726,20100,2773381
2726,21000,0
2726,21100,0
2726,21101,0
2726,21102,0
2726,21103,0
2726,21104,0
2726,21200,0
2726,21201,0
2726,21202,0
2726,21203,0
2726,21204,0
2726,21205,0
2726,21206,0
2726,21207,0
2726,21208,0
2726,21209,0
2726,21210,0
2726,21211,0
2726,21212,0
2726,21213,0
2726,21214,0
2726,21300,0
2726,21301,0
2726,21302,0
2726,21303,0
2726,21304,0
2726,21305,0
2726,21306,0
2726,21307,0
2726,21308,0
2726,21309,0
2726,21310,0
2726,21311,0
2726,21312,0
2726,21313,0
2726,21314,0
2726,21315,0
2726,21316,0
2726,21317,0
2726,21400,0
2726,21401,0
2726,21402,0
2726,21403,0
2726,21404,0
2726,21405,0
2726,21406,0
2726,21407,0
2726,21408,0
2726,21409,0
2726,21410,0
2726,21411,0
2726,21412,0
2726,21413,0
2726,21414,0
2726,21415,0
2726,21416,0
2726,21417,0
2726,21500,0
2726,21501,0
2726,21502,0
2726,21600,0
2726,21601,0
2726,21602,0
2726,21700,0
2726,21701,0
2726,21702,0
2726,21800,0
2726,21801,0
2726,21802,0
2726,21803,0
2726,21804,0
2726,22000,16162
2726,22100,16162
2726,22101,16162
2726,22200,0
2726,22201,0
2726,22202,0
2726,22203,0
2726,23000,0
2726,23100,0
2726,23101,0
2726,23102,0
2726,23103,0
2726,23104,0
2726,23105,0
2726,23106,0
2726,23107,0
2726,23108,0
2726,23109,0
2726,23200,0
2726,23201,0
2726,24000,1140943
2726,24100,1140873
2726,24101,0
2726,24102,1140873
2726,24103,0
2726,24200,70
2726,24201,0
2726,24202,70
2726,24203,0
2726,24204,0
2726,25000,1282558
2726,25100,0
2726,25101,0
2726,25102,0
2726,25103,0
2726,25104,0
2726,25105,0
2726,25200,1220233
2726,25201,0
2726,25202,8643
2726,25203,0
2726,25204,0
2726,25205,0
2726,25206,1211590
2726,25300,62325
2726,25301,0
2726,25302,62325
2726,25303,0
2726,26000,331174
2726,26100,122289
2726,26101,109212
2726,26102,10050
2726,26103,0
2726,26104,3027
2726,26200,9727
2726,26201,8726
2726,26202,0
2726,26203,1001
2726,26300,92980
2726,26301,18
2726,26302,14006
2726,26303,51543
2726,26304,1121
2726,26305,26221
2726,26306,0
2726,26307,71
2726,26400,106178
2726,26401,18
2726,26402,2203
2726,26403,53
2726,26404,537
2726,26405,519
2726,26406,8224
2726,26407,0
2726,26408,2769
2726,26409,11
2726,26410,279
2726,26411,42532
2726,26412,49033
2726,27000,2544
2726,27100,217
2726,27101,0
2726,27102,0
2726,27103,217
2726,27200,400
2726,27201,0
2726,27202,0
2726,27203,400
2726,27300,1927
2726,27301,516
2726,27302,0
2726,27303,0
2726,27304,0
2726,27305,420
2726,27306,991
2726,27307,0
2726,27308,0
2726,27309,0
2726,28000,71376
2726,28101,71376
2726,31001,263446
2726,31002,0
2726,32001,0
2726,32002,0
2726,32101,0
2726,33001,263446
2726,33002,0
2786,01000,56703
2786,02000,0
2786,10000,1990752
2786,10001,1126144
2786,10002,818094
2786,10003,46514
2786,11000,614961
2786,11100,586155
2786,11101,0
2786,11102,38018
2786,11103,0
2786,11104,0
2786,11105,0
2786,11106,4779
2786,11107,0
2786,11108,0
2786,11109,1756
2786,11110,0
2786,11111,7265
2786,11112,165869
2786,11113,0
2786,11114,8895
2786,11115,266394
2786,11116,0
2786,11117,0
2786,11118,93179
2786,11119,0
2786,11300,2
2786,11301,0
2786,11302,2
2786,11303,0
2786,11400,0
2786,11401,0
2786,11402,0
2786,11403,0
2786,11500,26764
2786,11501,13799
2786,11502,0
2786,11503,0
2786,11504,2404
2786,11505,0
2786,11506,0
2786,11507,1278
2786,11508,9283
2786,11600,2040
2786,11601,0
2786,11602,0
2786,11603,1518
2786,11604,522
2786,11605,0
2786,11606,0
2786,11607,0
2786,11608,0
2786,12000,511183
2786,12100,480150
2786,12101,61441
2786,12102,418709
2786,12200,28486
2786,12201,28486
2786,12300,2232
2786,12301,2232
2786,12400,315
2786,12401,0
2786,12402,0
2786,12404,105
2786,12406,210
2786,13000,488
2786,13100,466
2786,13101,0
2786,13102,0
2786,13103,0
2786,13104,4
2786,13105,379
2786,13106,0
2786,13107,0
2786,13108,83
2786,13200,22
2786,13201,22
2786,14000,0
2786,14100,0
2786,14101,0
2786,14102,0
2786,14103,0
2786,14104,0
2786,14200,0
2786,14201,0
2786,14202,0
2786,14203,0
2786,14204,0
2786,14300,0
2786,14301,0
2786,14302,0
2786,14303,0
2786,14304,0
2786,14400,0
2786,14401,0
2786,14402,0
2786,14403,0
2786,14404,0
2786,15000,237162
2786,15100,237162
2786,15101,0
2786,15102,237162
2786,15103,0
2786,15200,0
2786,15201,0
2786,15202,0
2786,15203,0
2786,15204,0
2786,16000,580444
2786,16100,0
2786,16101,0
2786,16102,0
2786,16103,0
2786,16104,0
2786,16105,0
2786,16200,24220
2786,16201,61
2786,16202,32
2786,16203,24127
2786,16300,556224
2786,16301,4999
2786,16302,146
2786,16303,0
2786,16304,0
2786,16305,550887
2786,16306,192
2786,17000,46514
2786,17100,40387
2786,17101,40346
2786,17102,0
2786,17103,41
2786,17200,3911
2786,17201,3911
2786,17202,0
2786,17203,0
2786,17300,2216
2786,17301,0
2786,17302,14
2786,17303,0
2786,17304,419
2786,17305,1046
2786,17306,737
2786,17307,0
2786,20000,1944349
2786,20001,289056
2786,20002,1624766
2786,20003,20227
2786,20100,1934049
2786,21000,277218
2786,21100,473
2786,21101,0
2786,21102,473
2786,21103,0
2786,21104,0
2786,21200,7751
2786,21201,0
2786,21202,0
2786,21203,0
2786,21204,0
2786,21205,26
2786,21206,0
2786,21207,731
2786,21208,6466
2786,21209,502
2786,21210,22
2786,21211,0
2786,21212,4
2786,21213,0
2786,21214,0
2786,21300,57016
2786,21301,0
2786,21302,0
2786,21303,0
2786,21304,0
2786,21305,0
2786,21306,0
2786,21307,0
2786,21308,0
2786,21309,0
2786,21310,0
2786,21311,22660
2786,21312,29742
2786,21313,4614
2786,21314,0
2786,21315,0
2786,21316,0
2786,21317,0
2786,21400,0
2786,21401,0
2786,21402,0
2786,21403,0
2786,21404,0
2786,21405,0
2786,21406,0
2786,21407,0
2786,21408,0
2786,21409,0
2786,21410,0
2786,21411,0
2786,21412,0
2786,21413,0
2786,21414,0
2786,21415,0
2786,21416,0
2786,21417,0
2786,21500,4289
2786,21501,4289
2786,21502,0
2786,21600,207165
2786,21601,207165
2786,21602,0
2786,21700,0
2786,21701,0
2786,21702,0
2786,21800,524
2786,21801,0
2786,21802,0
2786,21803,0
2786,21804,524
2786,22000,11838
2786,22100,11838
2786,22101,11838
2786,22200,0
2786,22201,0
2786,22202,0
2786,22203,0
2786,23000,905
2786,23100,884
2786,23101,0
2786,23102,0
2786,23103,0
2786,23104,592
2786,23105,1
2786,23106,0
2786,23107,0
2786,23108,100
2786,23109,191
2786,23200,21
2786,23201,21
2786,24000,235301
2786,24100,235301
2786,24101,0
2786,24102,235301
2786,24103,0
2786,24200,0
2786,24201,0
2786,24202,0
2786,24203,0
2786,24204,0
2786,25000,778074
2786,25100,0
2786,25101,0
2786,25102,0
2786,25103,0
2786,25104,0
2786,25105,0
2786,25200,54884
2786,25201,0
2786,25202,30732
2786,25203,23925
2786,25204,0
2786,25205,0
2786,25206,227
2786,25300,723190
2786,25301,0
2786,25302,714727
2786,25303,8463
2786,26000,610486
2786,26100,333086
2786,26101,260571
2786,26102,70600
2786,26103,0
2786,26104,1915
2786,26200,24119
2786,26201,24119
2786,26202,0
2786,26203,0
2786,26300,103808
2786,26301,9237
2786,26302,15589
2786,26303,39481
2786,26304,17687
2786,26305,15052
2786,26306,0
2786,26307,6762
2786,26400,149473
2786,26401,141
2786,26402,1962
2786,26403,21253
2786,26404,7511
2786,26405,54
2786,26406,14696
2786,26407,673
2786,26408,740
2786,26409,207
2786,26410,69476
2786,26411,20917
2786,26412,11843
2786,27000,20227
2786,27100,20
2786,27101,0
2786,27102,0
2786,27103,20
2786,27200,564
2786,27201,501
2786,27202,63
2786,27203,0
2786,27300,19643
2786,27301,28
2786,27302,0
2786,27303,8
2786,27304,0
2786,27305,0
2786,27306,0
2786,27307,0
2786,27308,19607
2786,27309,19482
2786,28000,10300
2786,28101,10300
2786,31001,46403
2786,33001,46403
3166,01000,1653943
3166,02000,0
3166,10000,6532580
3166,10001,1636555
3166,10002,4893337
3166,10003,2688
3166,11000,273104
3166,11100,0
3166,11101,0
3166,11102,0
3166,11103,0
3166,11104,0
3166,11105,0
3166,11106,0
3166,11107,0
3166,11108,0
3166,11109,0
3166,11110,0
3166,11111,0
3166,11112,0
3166,11113,0
3166,11114,0
3166,11115,0
3166,11116,0
3166,11117,0
3166,11118,0
3166,11119,0
3166,11200,157
3166,11201,0
3166,11202,0
3166,11203,0
3166,11204,0
3166,11205,0
3166,11206,0
3166,11207,0
3166,11208,0
3166,11209,0
3166,11210,0
3166,11211,0
3166,11212,0
3166,11213,0
3166,11214,0
3166,11215,140
3166,11216,17
3166,11217,0
3166,11300,242583
3166,11301,0
3166,11302,242090
3166,11303,493
3166,11400,3365
3166,11401,3365
3166,11402,0
3166,11403,0
3166,11500,26999
3166,11501,26999
3166,11502,0
3166,11503,0
3166,11504,0
3166,11505,0
3166,11506,0
3166,11507,0
3166,11508,0
3166,11600,0
3166,11601,0
3166,11602,0
3166,11603,0
3166,11604,0
3166,11605,0
3166,11606,0
3166,11607,0
3166,11608,0
3166,12000,1363451
3166,12100,179305
3166,12101,0
3166,12102,179305
3166,12200,1184133
3166,12201,1184133
3166,12300,0
3166,12301,0
3166,12400,13
3166,12401,0
3166,12402,0
3166,12403,0
3166,12404,0
3166,12405,0
3166,12406,13
3166,13000,293
3166,13100,293
3166,13101,293
3166,13102,0
3166,13103,0
3166,13104,0
3166,13105,0
3166,13106,0
3166,13107,0
3166,13108,0
3166,13200,0
3166,13201,0
3166,14000,0
3166,14100,0
3166,14101,0
3166,14102,0
3166,14103,0
3166,14104,0
3166,14200,0
3166,14201,0
3166,14202,0
3166,14203,0
3166,14204,0
3166,14300,0
3166,14301,0
3166,14302,0
3166,14303,0
3166,14304,0
3166,14400,0
3166,14401,0
3166,14402,0
3166,14403,0
3166,14404,0
3166,15000,2755397
3166,15100,2755397
3166,15101,0
3166,15102,2755397
3166,15103,0
3166,15200,0
3166,15201,0
3166,15202,0
3166,15203,0
3166,15204,0
3166,16000,2137647
3166,16100,0
3166,16101,0
3166,16102,0
3166,16103,0
3166,16104,0
3166,16105,0
3166,16200,2033730
3166,16201,0
3166,16202,25
3166,16203,2033705
3166,16300,103917
3166,16301,0
3166,16302,0
3166,16303,0
3166,16304,0
3166,16305,103917
3166,16306,0
3166,17000,2688
3166,17100,83
3166,17101,0
3166,17102,0
3166,17103,83
3166,17200,1
3166,17201,0
3166,17202,0
3166,17203,1
3166,17300,2604
3166,17301,0
3166,17302,0
3166,17303,0
3166,17304,0
3166,17305,0
3166,17306,2604
3166,17307,0
3166,20000,5222212
3166,20001,224381
3166,20002,4635174
3166,20003,19082
3166,20100,4878637
3166,21000,11506
3166,21100,0
3166,21101,0
3166,21102,0
3166,21103,0
3166,21104,0
3166,21200,11506
3166,21201,0
3166,21202,0
3166,21203,0
3166,21204,0
3166,21205,0
3166,21206,0
3166,21207,0
3166,21208,0
3166,21209,0
3166,21210,11506
3166,21211,0
3166,21212,0
3166,21213,0
3166,21214,0
3166,21300,0
3166,21301,0
3166,21302,0
3166,21303,0
3166,21304,0
3166,21305,0
3166,21306,0
3166,21307,0
3166,21308,0
3166,21309,0
3166,21310,0
3166,21311,0
3166,21312,0
3166,21313,0
3166,21314,0
3166,21315,0
3166,21316,0
3166,21317,0
3166,21400,0
3166,21401,0
3166,21402,0
3166,21403,0
3166,21404,0
3166,21405,0
3166,21406,0
3166,21407,0
3166,21408,0
3166,21409,0
3166,21410,0
3166,21411,0
3166,21412,0
3166,21413,0
3166,21414,0
3166,21415,0
3166,21416,0
3166,21417,0
3166,21500,0
3166,21501,0
3166,21502,0
3166,21600,0
3166,21601,0
3166,21602,0
3166,21700,0
3166,21701,0
3166,21702,0
3166,21800,0
3166,21801,0
3166,21802,0
3166,21803,0
3166,21804,0
3166,22000,212875
3166,22100,212875
3166,22101,212875
3166,22200,0
3166,22201,0
3166,22202,0
3166,22203,0
3166,23000,280
3166,23100,280
3166,23101,280
3166,23102,0
3166,23103,0
3166,23104,0
3166,23105,0
3166,23106,0
3166,23107,0
3166,23108,0
3166,23109,0
3166,23200,0
3166,23201,0
3166,24000,2767284
3166,24100,2767284
3166,24101,11705
3166,24102,2755579
3166,24103,0
3166,24200,0
3166,24201,0
3166,24202,0
3166,24203,0
3166,24204,0
3166,25000,1365686
3166,25100,0
3166,25101,0
3166,25102,0
3166,25103,0
3166,25104,0
3166,25105,0
3166,25200,1327397
3166,25201,439
3166,25202,53814
3166,25203,0
3166,25204,7439
3166,25205,0
3166,25206,1265705
3166,25300,38289
3166,25301,0
3166,25302,38289
3166,25303,0
3166,26000,501924
3166,26100,51553
3166,26101,45070
3166,26102,6354
3166,26103,0
3166,26104,129
3166,26200,148
3166,26201,90
3166,26202,0
3166,26203,58
3166,26300,61201
3166,26301,0
3166,26302,0
3166,26303,3540
3166,26304,660
3166,26305,57001
3166,26306,0
3166,26307,0
3166,26400,389022
3166,26401,178
3166,26402,834
3166,26403,0
3166,26404,184652
3166,26405,166
3166,26406,587
3166,26407,0
3166,26408,260
3166,26409,49
3166,26410,13
3166,26411,1111
3166,26412,201172
3166,27000,19082
3166,27100,12
3166,27101,0
3166,27102,12
3166,27103,0
3166,27200,0
3166,27201,0
3166,27202,0
3166,27203,0
3166,27300,19070
3166,27301,0
3166,27302,0
3166,27303,0
3166,27304,0
3166,27305,140
3166,27306,16631
3166,27307,0
3166,27308,2299
3166,27309,0
3166,28000,343575
3166,28101,343575
3166,31001,1310368
3166,31002,0
3166,32001,0
3166,32002,0
3166,32101,0
3166,33001,1310368
3166,33002,0
3288,01000,0
3288,02000,8258
3288,10000,1249136
3288,10001,284856
3288,10002,956481
3288,10003,7799
3288,11000,166915
3288,11100,153037
3288,11102,0
3288,11109,0
3288,11112,49874
3288,11113,0
3288,11114,3015
3288,11115,97949
3288,11118,2199
3288,11300,1237
3288,11302,590
3288,11303,647
3288,11400,110
3288,11401,0
3288,11402,110
3288,11403,0
3288,11600,12531
3288,11603,12531
3288,11604,0
3288,12000,117941
3288,12100,50002
3288,12101,14028
3288,12102,35974
3288,12200,66396
3288,12201,66396
3288,12300,1077
3288,12301,1077
3288,12400,466
3288,12401,0
3288,12404,466
3288,13000,290
3288,13100,290
3288,13104,290
3288,13105,0
3288,13200,0
3288,13201,0
3288,14000,0
3288,14100,0
3288,14101,0
3288,14102,0
3288,15000,760478
3288,15100,760478
3288,15101,0
3288,15102,760478
3288,15200,0
3288,15202,0
3288,15204,0
3288,16000,195713
3288,16100,0
3288,16103,0
3288,16200,12325
3288,16201,3106
3288,16203,9219
3288,16300,183388
3288,16301,172
3288,16302,1724
3288,16305,181483
3288,16306,9
3288,17000,7799
3288,17100,3764
3288,17101,3744
3288,17102,20
3288,17200,0
3288,17201,0
3288,17202,0
3288,17203,0
3288,17300,4035
3288,17302,6
3288,17303,0
3288,17304,1
3288,17305,1
3288,17306,4027
3288,20000,1257394
3288,20001,138920
3288,20002,1115692
3288,20003,2782
3288,20100,1257394
3288,21000,88952
3288,21100,99
3288,21102,99
3288,21200,244
3288,21207,0
3288,21208,241
3288,21209,2
3288,21212,1
3288,21300,49
3288,21309,44
3288,21311,0
3288,21312,5
3288,21313,0
3288,21500,335
3288,21501,335
3288,21502,0
3288,21600,81133
3288,21601,81043
3288,21602,90
3288,21800,7092
3288,21802,0
3288,21804,7092
3288,22000,49968
3288,22100,49968
3288,22101,49968
3288,23000,0
3288,23100,0
3288,23104,0
3288,23105,0
3288,23109,0
3288,24000,777073
3288,24100,777073
3288,24101,0
3288,24102,777073
3288,24200,0
3288,24202,0
3288,24204,0
3288,25000,210907
3288,25100,0
3288,25103,0
3288,25200,5464
3288,25201,104
3288,25202,3617
3288,25203,1498
3288,25205,47
3288,25206,198
3288,25300,205443
3288,25302,205428
3288,25303,15
3288,26000,127712
3288,26100,71885
3288,26101,51911
3288,26102,15567
3288,26104,4407
3288,26200,3520
3288,26201,3520
3288,26203,0
3288,26300,27220
3288,26301,394
3288,26302,5060
3288,26303,13299
3288,26304,6269
3288,26305,1583
3288,26307,615
3288,26400,25087
3288,26401,0
3288,26402,379
3288,26403,6250
3288,26404,565
3288,26405,392
3288,26406,2842
3288,26407,0
3288,26408,719
3288,26409,0
3288,26410,4719
3288,26411,5925
3288,26412,3296
3288,27000,2782
3288,27100,55
3288,27101,0
3288,27102,54
3288,27103,1
3288,27200,101
3288,27201,0
3288,27202,0
3288,27203,101
3288,27300,2626
3288,27301,0
3288,27302,0
3288,27303,0
3288,27304,2291
3288,27305,300
3288,27306,35
3288,27308,0
3288,28000,0
3288,28101,0
3288,31001,0
3288,31002,8258
3288,32101,0
3288,33001,0
3288,33002,8258
3291,01000,108108
3291,02000,0
3291,10000,9375104
3291,10001,1709640
3291,10002,7606121
3291,10003,59343
3291,11000,1268315
3291,11100,1164863
3291,11101,0
3291,11102,0
3291,11103,0
3291,11104,0
3291,11105,0
3291,11106,0
3291,11107,0
3291,11108,0
3291,11109,0
3291,11110,0
3291,11111,8697
3291,11112,835604
3291,11113,0
3291,11114,0
3291,11115,113736
3291,11116,194778
3291,11117,63
3291,11118,2439
3291,11119,9546
3291,11200,5376
3291,11201,0
3291,11202,0
3291,11203,0
3291,11204,0
3291,11205,0
3291,11206,0
3291,11207,0
3291,11208,0
3291,11209,0
3291,11210,0
3291,11211,5177
3291,11212,0
3291,11213,0
3291,11214,0
3291,11215,199
3291,11216,0
3291,11217,0
3291,11300,333
3291,11301,0
3291,11302,256
3291,11303,77
3291,11400,73400
3291,11401,3599
3291,11402,0
3291,11403,69801
3291,11500,21380
3291,11501,485
3291,11502,0
3291,11503,77
3291,11504,329
3291,11505,20489
3291,11506,0
3291,11507,0
3291,11508,0
3291,11600,2963
3291,11601,0
3291,11602,0
3291,11603,1608
3291,11604,0
3291,11605,0
3291,11606,0
3291,11607,0
3291,11608,1355
3291,12000,441325
3291,12100,50489
3291,12101,11249
3291,12102,39240
3291,12200,364971
3291,12201,364971
3291,12300,15927
3291,12301,15927
3291,12400,9938
3291,12401,6563
3291,12402,0
3291,12403,0
3291,12404,3375
3291,12405,0
3291,12406,0
3291,13000,1618
3291,13100,1566
3291,13101,0
3291,13102,0
3291,13103,15
3291,13104,498
3291,13105,1053
3291,13106,0
3291,13107,0
3291,13108,0
3291,13200,52
3291,13201,52
3291,14000,0
3291,14100,0
3291,14101,0
3291,14102,0
3291,14103,0
3291,14104,0
3291,14200,0
3291,14201,0
3291,14202,0
3291,14203,0
3291,14204,0
3291,14300,0
3291,14301,0
3291,14302,0
3291,14303,0
3291,14304,0
3291,14400,0
3291,14401,0
3291,14402,0
3291,14403,0
3291,14404,0
3291,15000,4905883
3291,15100,4905880
3291,15101,0
3291,15102,4905880
3291,15103,0
3291,15200,3
3291,15201,0
3291,15202,3
3291,15203,0
3291,15204,0
3291,16000,2698620
3291,16100,0
3291,16101,0
3291,16102,0
3291,16103,0
3291,16104,0
3291,16105,0
3291,16200,120872
3291,16201,1079
3291,16202,145
3291,16203,119648
3291,16300,2577748
3291,16301,1693
3291,16302,474
3291,16303,0
3291,16304,55
3291,16305,2575526
3291,16306,0
3291,17000,59343
3291,17100,35521
3291,17101,5456
3291,17102,65
3291,17103,30000
3291,17200,23433
3291,17201,851
3291,17202,22582
3291,17203,0
3291,17300,389
3291,17301,0
3291,17302,0
3291,17303,0
3291,17304,1
3291,17305,0
3291,17306,388
3291,17307,0
3291,20000,9267069
3291,20001,1131320
3291,20002,8088476
3291,20003,47200
3291,20100,9266996
3291,21000,882026
3291,21100,18830
3291,21101,1
3291,21102,1742
3291,21103,17087
3291,21104,0
3291,21200,6459
3291,21201,0
3291,21202,0
3291,21203,0
3291,21204,0
3291,21205,0
3291,21206,0
3291,21207,2922
3291,21208,1995
3291,21209,269
3291,21210,0
3291,21211,0
3291,21212,17
3291,21213,0
3291,21214,1256
3291,21300,273753
3291,21301,0
3291,21302,0
3291,21303,0
3291,21304,0
3291,21305,0
3291,21306,0
3291,21307,0
3291,21308,0
3291,21309,0
3291,21310,0
3291,21311,20763
3291,21312,201932
3291,21313,14556
3291,21314,36502
3291,21315,0
3291,21316,0
3291,21317,0
3291,21400,2586
3291,21401,0
3291,21402,0
3291,21403,0
3291,21404,0
3291,21405,0
3291,21406,0
3291,21407,0
3291,21408,0
3291,21409,0
3291,21410,0
3291,21411,0
3291,21412,2529
3291,21413,0
3291,21414,0
3291,21415,0
3291,21416,0
3291,21417,57
3291,21500,0
3291,21501,0
3291,21502,0
3291,21600,575537
3291,21601,568378
3291,21602,7159
3291,21700,0
3291,21701,0
3291,21702,0
3291,21800,4861
3291,21801,0
3291,21802,0
3291,21803,0
3291,21804,4861
3291,22000,249294
3291,22100,249294
3291,22101,249294
3291,22200,0
3291,22201,0
3291,22202,0
3291,22203,0
3291,23000,1002
3291,23100,1002
3291,23101,0
3291,23102,0
3291,23103,16
3291,23104,853
3291,23105,48
3291,23106,0
3291,23107,0
3291,23108,0
3291,23109,85
3291,23200,0
3291,23201,0
3291,24000,4947008
3291,24100,4947004
3291,24101,0
3291,24102,4947004
3291,24103,0
3291,24200,4
3291,24201,0
3291,24202,4
3291,24203,0
3291,24204,0
3291,25000,2218907
3291,25100,0
3291,25101,0
3291,25102,0
3291,25103,0
3291,25104,0
3291,25105,0
3291,25200,9919
3291,25201,1109
3291,25202,5039
3291,25203,1852
3291,25204,997
3291,25205,325
3291,25206,597
3291,25300,2208988
3291,25301,0
3291,25302,2190376
3291,25303,18612
3291,26000,921559
3291,26100,480608
3291,26101,424578
3291,26102,52949
3291,26103,0
3291,26104,3081
3291,26200,64811
3291,26201,64367
3291,26202,0
3291,26203,444
3291,26300,55141
3291,26301,1855
3291,26302,20588
3291,26303,23608
3291,26304,0
3291,26305,8202
3291,26306,0
3291,26307,888
3291,26400,320999
3291,26401,137
3291,26402,11594
3291,26403,43021
3291,26404,10795
3291,26405,675
3291,26406,19342
3291,26407,349
3291,26408,4515
3291,26409,27
3291,26410,55469
3291,26411,80071
3291,26412,95004
3291,27000,47200
3291,27100,181
3291,27101,0
3291,27102,6
3291,27103,175
3291,27200,763
3291,27201,9
3291,27202,74
3291,27203,680
3291,27300,46256
3291,27301,0
3291,27302,0
3291,27303,0
3291,27304,0
3291,27305,4186
3291,27306,0
3291,27307,0
3291,27308,42070
3291,27309,0
3291,28000,73
3291,28101,73
3291,31001,108035
3291,31002,0
3291,32001,0
3291,32002,0
3291,32101,0
3291,33001,108035
3291,33002,0
3298,01000,29249
3298,02000,0
3298,10000,213586
3298,10001,99319
3298,10002,110796
3298,10003,3471
3298,11000,68780
3298,11100,68780
3298,11112,50465
3298,11114,409
3298,11115,15344
3298,11118,2562
3298,12000,30539
3298,12100,28484
3298,12101,1369
3298,12102,27115
3298,12200,1191
3298,12201,1191
3298,12300,864
3298,12301,864
3298,15000,28712
3298,15100,28712
3298,15102,28712
3298,16000,82084
3298,16200,47
3298,16203,47
3298,16300,82037
3298,16302,135
3298,16305,81888
3298,16306,14
3298,17000,3471
3298,17100,3441
3298,17101,3441
3298,17200,5
3298,17201,5
3298,17300,25
3298,17306,25
3298,20000,190285
3298,20001,8937
3298,20002,174902
3298,20003,498
3298,20100,184337
3298,21000,8827
3298,21300,3659
3298,21312,3659
3298,21600,4209
3298,21601,4209
3298,21800,959
3298,21804,959
3298,22000,110
3298,22100,110
3298,22101,110
3298,24000,29021
3298,24100,29021
3298,24102,29021
3298,25000,113193
3298,25200,239
3298,25202,208
3298,25203,31
3298,25300,112954
3298,25302,112454
3298,25303,500
3298,26000,32688
3298,26100,18348
3298,26101,15559
3298,26102,2765
3298,26104,24
3298,26200,8427
3298,26201,8288
3298,26202,139
3298,26300,940
3298,26301,154
3298,26302,482
3298,26305,304
3298,26400,4973
3298,26401,163
3298,26402,392
3298,26403,954
3298,26404,218
3298,26405,11
3298,26406,1283
3298,26407,141
3298,26408,210
3298,26409,40
3298,26410,173
3298,26411,1233
3298,26412,155
3298,27000,498
3298,27300,498
3298,27305,110
3298,27308,388
3298,28000,5948
3298,28101,5948
3298,31001,23301
3298,33001,23301
3461,01000,135076
3461,02000,0
3461,10000,28880075
3461,10001,3395124
3461,10002,25403214
3461,10003,81737
3461,11000,2706059
3461,11100,1902500
3461,11109,20541
3461,11111,33797
3461,11112,1561750
3461,11113,32434
3461,11114,6261
3461,11115,234580
3461,11118,13133
3461,11119,4
3461,11200,63050
3461,11212,27143
3461,11215,35907
3461,11300,2978
3461,11302,73
3461,11303,2905
3461,11400,773
3461,11401,771
3461,11402,2
3461,11500,721451
3461,11501,43237
3461,11502,43366
3461,11504,279784
3461,11505,192152
3461,11506,20442
3461,11507,5441
3461,11508,137029
3461,11600,15307
3461,11603,15241
3461,11604,66
3461,12000,689065
3461,12100,221719
3461,12101,44390
3461,12102,177329
3461,12200,423878
3461,12201,423878
3461,12300,39852
3461,12301,39852
3461,12400,3616
3461,12402,2812
3461,12404,804
3461,13000,335558
3461,13100,335341
3461,13101,4250
3461,13102,34700
3461,13104,26801
3461,13105,117364
3461,13106,5543
3461,13107,7564
3461,13108,139119
3461,13200,217
3461,13201,217
3461,14000,524
3461,14100,524
3461,14102,524
3461,15000,7931984
3461,15100,7931975
3461,15102,7931975
3461,15200,9
3461,15202,9
3461,16000,17135148
3461,16100,333938
3461,16103,211573
3461,16104,122365
3461,16200,75852
3461,16201,11749
3461,16202,2451
3461,16203,61652
3461,16300,16725358
3461,16301,2271
3461,16302,873
3461,16305,16707032
3461,16306,15182
3461,17000,81737
3461,17100,77909
3461,17101,77770
3461,17102,2
3461,17103,137
3461,17200,900
3461,17201,900
3461,17300,2928
3461,17302,157
3461,17304,91
3461,17306,2680
3461,20000,28772495
3461,20001,1976884
3461,20002,26752370
3461,20003,15745
3461,20100,28744999
3461,21000,1646842
3461,21100,142810
3461,21101,1898
3461,21102,140912
3461,21200,49155
3461,21202,2148
3461,21205,246
3461,21207,3109
3461,21208,43240
3461,21209,412
3461,21300,190791
3461,21306,479
3461,21311,26203
3461,21312,130228
3461,21313,33881
3461,21400,11106
3461,21412,3
3461,21415,1185
3461,21416,509
3461,21417,9409
3461,21600,758605
3461,21601,750011
3461,21602,8594
3461,21800,494375
3461,21801,267060
3461,21802,18555
3461,21803,4588
3461,21804,204172
3461,22000,330042
3461,22100,330042
3461,22101,330042
3461,23000,264019
3461,23100,252465
3461,23101,1051
3461,23102,26647
3461,23104,35950
3461,23105,88516
3461,23106,53331
3461,23107,1060
3461,23108,45910
3461,23200,11554
3461,23201,11554
3461,24000,8004541
3461,24100,8004444
3461,24101,21193
3461,24102,7983251
3461,24200,97
3461,24202,97
3461,25000,17158708
3461,25100,336869
3461,25103,226884
3461,25104,109985
3461,25200,36923
3461,25201,430
3461,25202,15955
3461,25203,12612
3461,25205,1620
3461,25206,6306
3461,25300,16784916
3461,25301,25
3461,25302,16774944
3461,25303,9947
3461,26000,1325102
3461,26100,681798
3461,26101,576349
3461,26102,105440
3461,26104,9
3461,26200,27458
3461,26201,27445
3461,26203,13
3461,26300,399913
3461,26301,9845
3461,26302,24580
3461,26303,62809
3461,26304,22770
3461,26305,21353
3461,26307,258556
3461,26400,215933
3461,26401,1059
3461,26402,7931
3461,26403,33414
3461,26404,30162
3461,26405,1994
3461,26406,27856
3461,26407,19
3461,26408,6100
3461,26409,89
3461,26410,51446
3461,26411,41635
3461,26412,14228
3461,27000,15745
3461,27100,292
3461,27103,292
3461,27200,788
3461,27202,4
3461,27203,784
3461,27300,14665
3461,27303,1
3461,27305,575
3461,27308,14089
3461,28000,27496
3461,28101,27496
3461,31001,107580
3461,33001,107580
